run_time,system,model,vision_model,task_id,category,agent,success,score,escalated,local_score,latency_s,cloud_calls,cost_usd,eval_cost_usd,eval_tokens,data_kb,iterations_used,tools_called,models_used,critic_passed,score_method,judge_reason
2026-08-21 03:16:36,v2_local,qwen2.5:3b,qwen2.5vl:3b,A1,A - File/Log Analysis,file_agent,True,0.608,False,,19.95,0,0.0,0.00020055,818,0.0,2,read_file|read_file|write_file,qwen2.5:7b,False,DeepEval GEval (0.608),"The Actual Output identifies the root cause related to unreliable external services, which aligns with the requirement to summarize the issues. However, it fails to explicitly mention the specific ERROR-level log lines present in the Input, such as the cache service connection failure and payment processing timeout, which are critical for full alignment with the evaluation steps."
2026-08-21 03:16:36,v2_local,qwen2.5:3b,qwen2.5vl:3b,A2,A - File/Log Analysis,file_agent,True,0.786,False,,8.65,0,0.0,0.0001995,847,0.0,2,read_file|read_file,qwen2.5:7b,False,DeepEval GEval (0.786),"The Actual Output correctly identifies the OutOfMemoryError and connects it to increasing heap usage and unreturned database connections, which aligns well with the evaluation steps. However, it lacks specific details about the percentage increase in heap usage, which is mentioned in the Expected Output, slightly reducing its completeness in addressing all critical links."
2026-08-21 03:16:36,v2_local,qwen2.5:3b,qwen2.5vl:3b,A3,A - File/Log Analysis,file_agent,False,0.347,False,,24.77,0,0.0,0.0002574,1131,0.0,2,list_files|read_file|list_files|read_file,qwen2.5:7b,False,DeepEval GEval (0.347),"The Actual Output correctly identifies two of the three required anomalies (09:15 and 09:20) but fails to include the third anomaly (09:25 response_ms 940). Additionally, it does not flag any normal rows, which is a positive aspect. However, the absence of the third anomaly significantly impacts the overall score."
2026-08-21 03:16:36,v2_local,qwen2.5:3b,qwen2.5vl:3b,A4,A - File/Log Analysis,file_agent,True,0.589,False,,17.23,0,0.0,0.00025245,1062,0.0,2,list_files|read_file|list_files|read_file,qwen2.5:7b,False,DeepEval GEval (0.589),"The Actual Output captures several key events, including the cache service issues and payment processing failure, but it omits the NullPointerException in OrderService, which is a critical detail from the Expected Output. While it summarizes the events in a clear structure, the absence of this key event affects the overall completeness and alignment with the Expected Output."
2026-08-21 03:16:36,v2_local,qwen2.5:3b,qwen2.5vl:3b,A5,A - File/Log Analysis,file_agent,False,0.18,False,,51.7,0,0.0,0.00021585,917,0.0,2,list_files|read_file|write_file|write_file|write_file|write_file|read_file|list_files|read_file,qwen2.5:7b,False,DeepEval GEval (0.18),"The Actual Output is a valid JSON format and is an empty array, which aligns with the absence of ERROR-level lines in the log. However, it fails to include any of the required error events specified in the Expected Output, indicating a significant shortcoming in capturing the necessary information."
2026-08-21 03:16:36,v2_local,qwen2.5:3b,qwen2.5vl:3b,A6,A - File/Log Analysis,file_agent,True,0.512,False,,37.42,0,0.0,0.0003585,1616,0.0,2,list_files|read_file|list_files|read_file,qwen2.5:7b,False,DeepEval GEval (0.512),"The response correctly identifies the CPU spike at 02:30 as benign due to the nightly backup annotation, aligning with the evaluation steps. However, it fails to highlight the sustained correlated drift from 03:15 onward, missing the increases in memory, error rate, and latency that indicate a potential memory leak. Additionally, while it mentions the benign nature of the error rate spike, it does not adequately address the genuine anomaly as specified in the expected output, leading to a partia"
2026-08-21 03:16:36,v2_local,qwen2.5:3b,qwen2.5vl:3b,A7,A - File/Log Analysis,file_agent,True,0.672,False,,21.99,0,0.0,0.00028665,1293,0.0,2,list_files|read_file|read_file,qwen2.5:7b,False,DeepEval GEval (0.672),"The response correctly identifies that the ETL jobs report success while the dashboard customer count remains unchanged, indicating a potential silent failure. However, it lacks specific details about the rising record counts from the ETL jobs, which are crucial for a complete comparison with the expected output. The conclusion about the need for further investigation is appropriate, but the response could be more explicit in linking the ETL success to the dashboard issue, which would strengthen"
2026-08-21 03:16:36,v2_local,qwen2.5:3b,qwen2.5vl:3b,B1,B - Code Generation,code_agent,True,,False,,4.09,0,0.0,0.0,0,0.0,1,,qwen2.5-coder:7b,True,automated (exec + function defined),
2026-08-21 03:16:36,v2_local,qwen2.5:3b,qwen2.5vl:3b,B2,B - Code Generation,code_agent,True,,False,,1.93,0,0.0,0.0,0,0.0,1,,qwen2.5-coder:7b,True,"automated (exec ok, no function defined)",
2026-08-21 03:16:36,v2_local,qwen2.5:3b,qwen2.5vl:3b,B3,B - Code Generation,code_agent,True,,False,,13.12,0,0.0,0.0,0,0.0,2,,qwen2.5-coder:7b,False,automated (exec + function defined),
2026-08-21 03:16:36,v2_local,qwen2.5:3b,qwen2.5vl:3b,B4,B - Code Generation,code_agent,True,,False,,2.64,0,0.0,0.0,0,0.0,1,,qwen2.5-coder:7b,True,"automated (exec ok, no function defined)",
2026-08-21 03:16:36,v2_local,qwen2.5:3b,qwen2.5vl:3b,B5,B - Code Generation,code_agent,True,0.773,False,,1.83,0,0.0,0.0001851,790,0.0,1,,qwen2.5-coder:7b,True,DeepEval GEval (0.773),"The SQL query correctly joins the orders and customers tables on customer_id, filters records for the year 2026, groups by country, and orders the results by total amount in descending order. However, it uses YEAR() for filtering instead of the more precise date range, which is a minor shortcoming compared to the expected output."
2026-08-21 03:16:36,v2_local,qwen2.5:3b,qwen2.5vl:3b,C1,C - Planning,planning_agent,True,0.722,False,,17.14,0,0.0,0.0003111,1462,0.0,1,,qwen2.5:7b,True,DeepEval GEval (0.722),"The actual output effectively breaks down the goal into detailed subtasks, covering reading CSV files, cleaning data, and generating a summary report. However, it includes additional steps like defining requirements and setting up the environment, which, while useful, diverge from the expected output's focus on core tasks. The output is comprehensive but slightly over-elaborate compared to the expected simplicity of the expected output."
2026-08-21 03:16:36,v2_local,qwen2.5:3b,qwen2.5vl:3b,C2,C - Planning,planning_agent,True,0.798,False,,36.94,0,0.0,0.0003306,1556,0.0,2,,qwen2.5:7b,False,DeepEval GEval (0.798),"The response provides a comprehensive task breakdown that covers all four areas: backend, frontend, database, and testing. It logically follows the order of operations, addressing database changes after backend development and before frontend integration. However, while the output is detailed, it slightly diverges from the expected output in terms of phrasing and specific task ordering, particularly in the deployment section, which is not explicitly mentioned in the expected output. Overall, it "
2026-08-21 03:16:36,v2_local,qwen2.5:3b,qwen2.5vl:3b,C3,C - Planning,planning_agent,True,0.847,False,,45.77,0,0.0,0.0003846,1889,0.0,2,,qwen2.5:7b,False,DeepEval GEval (0.847),"The response provides a comprehensive step-by-step investigation plan that aligns well with the evaluation steps. It begins with gathering logs and checking dependencies, which is logical. The output systematically addresses potential failure points, including application, database, and server logs, and suggests monitoring resource usage. However, it lacks explicit correlation of failures by endpoint, worker process, and request payload, which is a key aspect of the expected output. Additionally"
2026-08-21 03:16:36,v2_local,qwen2.5:3b,qwen2.5vl:3b,C4,C - Planning,planning_agent,True,0.583,False,,23.65,0,0.0,0.0002676,1244,0.0,2,,qwen2.5:7b,False,DeepEval GEval (0.583),"The response correctly assigns the Vision Agent first and the File Agent second, following the required order. However, it introduces a Document Agent for review, which is not part of the expected sequence, and assigns the Code Agent twice, once for writing the patch and again for deployment. This deviates from the specified order of agent assignments, leading to a partial misalignment with the evaluation criteria."
2026-08-21 03:16:36,v2_local,qwen2.5:3b,qwen2.5vl:3b,C5,C - Planning,planning_agent,True,0.764,False,,35.05,0,0.0,0.00033405,1543,0.0,2,,qwen2.5:7b,False,DeepEval GEval (0.764),"The Actual Output includes most essential components such as an API Gateway, Authentication Service, and Database Layer, each with clear responsibilities. However, it lacks a specific mention of an Auth middleware for token validation, which is critical for security. Additionally, while it covers configuration management, it does not explicitly address deployment concerns, which are part of the Expected Output. Overall, the response is comprehensive but misses some key details that would enhance"
2026-08-21 03:16:36,v2_local,qwen2.5:3b,qwen2.5vl:3b,D1,D - Document Processing,document_agent,True,0.887,False,,6.49,0,0.0,0.00019365,784,0.0,2,read_file|read_file,qwen2.5:3b,False,DeepEval GEval (0.887),"The actual output effectively summarizes the key points of edge computing, mentioning local processing and its benefits related to privacy and latency. It also identifies the challenge of limited computational resources, aligning closely with the expected output. The only minor deviation is the additional detail about machine learning models, which, while informative, slightly extends beyond the concise nature of the expected summary."
2026-08-21 03:16:36,v2_local,qwen2.5:3b,qwen2.5vl:3b,D2,D - Document Processing,document_agent,True,0.747,False,,15.17,0,0.0,0.0002679,1138,0.0,2,read_file|write_file|read_file|write_file,qwen2.5:3b,False,DeepEval GEval (0.747),"The Actual Output includes all four required sections and provides accurate one-line summaries for each. However, it lacks specific details on growth and spend in the Overview section, missing the mention of the 11% increase in spend, which is a key point in the Expected Output. The Reliability section accurately reflects incidents but does not mention the availability percentage, which is crucial for comparison. Overall, the response is strong but has minor discrepancies that prevent a perfect "
2026-08-21 03:16:36,v2_local,qwen2.5:3b,qwen2.5vl:3b,D3,D - Document Processing,document_agent,False,0.337,False,,14.44,0,0.0,0.000228,944,0.0,2,read_file|read_file|write_file|read_file|write_file|write_file,qwen2.5:3b,False,DeepEval GEval (0.337),"The response includes 'NorthBridge Software Ltd' but fails to mention 'Sarah Okafor' and does not list all specified dates, particularly missing 'August 2026' and including irrelevant dates like 'Q2 2026' and 'Q1'. Additionally, it only includes one monetary figure (£142,000) instead of both required figures (£142,000 and £8,500)."
2026-08-21 03:16:36,v2_local,qwen2.5:3b,qwen2.5vl:3b,D4,D - Document Processing,document_agent,True,1.0,False,,1.7,0,0.0,0.00020715,838,0.0,1,read_file,qwen2.5:3b,True,DeepEval GEval (1.0),"The response fully aligns with the evaluation steps. The Input specifies a frequency of up to 3 days per week for remote work, which is accurately reflected in the Actual Output. The requirement to report lost equipment within 24 hours to IT Security is also met, and the core hours of 10:00 to 16:00 local time are correctly stated. All components are consistent and correctly referenced."
2026-08-21 03:16:36,v2_local,qwen2.5:3b,qwen2.5vl:3b,D5,D - Document Processing,document_agent,True,0.984,False,,4.69,0,0.0,0.00018705,779,0.0,2,read_file|read_file,qwen2.5:3b,False,DeepEval GEval (0.984),"The Actual Output correctly classifies the document as an HR policy and provides a strong justification that directly references key themes from the Input, such as eligibility criteria, equipment provisions, and availability requirements, which align perfectly with the Expected Output."
2026-08-21 03:16:36,v2_local,qwen2.5:3b,qwen2.5vl:3b,E1,E - Multimodal,multimodal_agent,True,0.529,False,,9.19,0,0.0,0.00026535,1181,0.0,1,,qwen2.5vl:3b,,DeepEval GEval (0.529),"The Actual Output identifies the error related to the command 'la' not being recognized, which aligns with the first evaluation step. However, it lacks a clear mention of the failing command and does not provide a specific reason for its failure as required in the second step. The suggested fixes are somewhat concrete but include generic troubleshooting advice, such as checking environment variables and consulting documentation, which detracts from the specificity needed in the context of the er"
2026-08-21 03:16:36,v2_local,qwen2.5:3b,qwen2.5vl:3b,E2,E - Multimodal,multimodal_agent,True,0.719,False,,3.46,0,0.0,0.0002214,942,0.0,1,,qwen2.5vl:3b,,DeepEval GEval (0.719),"The response correctly identifies the tallest bar as Rich spending on Food and notes that the Poor class spends the most on Housing. However, it inaccurately states that the Rich class spends the most on housing, which contradicts the expected output. The description of spending patterns is accurate and adds value, but the incorrect categorization affects the overall score."
2026-08-21 03:16:36,v2_local,qwen2.5:3b,qwen2.5vl:3b,E3,E - Multimodal,multimodal_agent,True,0.752,False,,7.82,0,0.0,0.0003273,1609,0.0,1,,qwen2.5vl:3b,,DeepEval GEval (0.752),"The response identifies that the diagram compares v1 and v2 builds and lists the components of each build. It correctly states the three-layer structure and highlights key differences, such as the roles of the Cloud CEO and the introduction of a shared tool layer in v2. However, it lacks a mention of agent-to-agent links, which is a significant aspect of the evaluation steps, leading to a slightly lower score."
2026-08-21 03:16:36,v2_local,qwen2.5:3b,qwen2.5vl:3b,E4,E - Multimodal,multimodal_agent,True,1.0,False,,3.28,0,0.0,0.00024285,1085,0.0,1,,qwen2.5vl:3b,,DeepEval GEval (1.0),"The CSV output matches the expected format perfectly, with exactly seven columns and ten student entries. All cell values are accurate and correspond to the provided spreadsheet image, with no discrepancies noted. The overall format is clean, with no extraneous comments or formatting issues."
2026-08-21 03:16:36,v2_local,qwen2.5:3b,qwen2.5vl:3b,E5,E - Multimodal,multimodal_agent,True,0.605,False,,6.05,0,0.0,0.00029535,1366,0.0,1,,qwen2.5vl:3b,,DeepEval GEval (0.605),"The response correctly identifies the exception type as KeyError and specifies that it occurs at line 15 in the quarter_total function. However, it fails to trace the root cause back to line 9 of SALES_DATA, missing the specific detail about the 'west' region lacking the 'q4' entry. While it provides a valid fix for the missing data issue, it does not directly address the underlying cause as required by the evaluation steps."
2026-08-21 03:16:36,v2_local,qwen2.5:3b,qwen2.5vl:3b,F1,F - Ambiguous,file_agent,True,0.905,False,,26.72,0,0.0,0.0002604,1178,0.0,2,read_file|read_file,qwen2.5:7b,False,DeepEval GEval (0.905),"The output provides a clear interpretation of the failure, identifying specific issues with the cache service and payment processing. It logically connects the log entries to the failure context and suggests relevant next steps for investigation. The assumptions about the cache service's impact on performance are implied but not explicitly stated, which slightly detracts from clarity. Overall, it effectively addresses the ambiguity of the request without seeking clarification."
2026-08-21 03:16:36,v2_local,qwen2.5:3b,qwen2.5vl:3b,F2,F - Ambiguous,code_agent,True,0.9,False,,3.86,0,0.0,0.00018975,797,0.0,1,,qwen2.5-coder:7b,True,DeepEval GEval (0.9),"The Actual Output significantly improves readability by using a list comprehension, which is more idiomatic in Python. It maintains the original functionality by correctly filtering and doubling the values, ensuring no errors are introduced. However, it lacks comments or documentation explaining the changes made, which would enhance understanding of the improvements."
2026-08-21 03:16:36,v2_local,qwen2.5:3b,qwen2.5vl:3b,F3,F - Ambiguous,planning_agent,True,0.882,False,,32.04,0,0.0,0.000267,1279,0.0,2,,qwen2.5:7b,False,DeepEval GEval (0.882),"The response provides a detailed and structured framework for moving the stalled project forward, addressing key aspects such as defining scope, identifying milestones, and prioritizing tasks. It effectively breaks down the process into actionable steps, which aligns well with the evaluation criteria. However, it lacks clarifying questions that could help refine the request further, which prevents it from achieving a perfect score."
2026-08-21 03:16:36,v2_local,qwen2.5:3b,qwen2.5vl:3b,F4,F - Ambiguous,document_agent,True,0.817,False,,21.2,0,0.0,0.0002181,998,0.0,2,read_file|read_file,qwen2.5:3b,False,DeepEval GEval (0.817),"The response effectively identifies specific issues, such as the reliability metric falling short of the target and notable incidents affecting database operations. It provides a clear interpretation of these issues, emphasizing the need for monitoring and proactive measures. However, while it mentions cost-saving opportunities, it could have elaborated more on the potential risks associated with automation, which would strengthen the analysis further."
2026-08-21 03:16:36,v2_local,qwen2.5:3b,qwen2.5vl:3b,F5,F - Ambiguous,document_agent,True,0.889,False,,18.48,0,0.0,0.0002163,908,0.0,2,read_file|read_file,qwen2.5:3b,False,DeepEval GEval (0.889),"The response effectively identifies and summarizes key themes such as eligibility limits, security obligations, and core hours, aligning well with the evaluation steps. It prioritizes relevant information over less important details and provides a clear rationale for the selection of important points. The coverage is comprehensive yet concise, focusing on the essential aspects of the policy without unnecessary elaboration."
2026-08-21 03:16:36,v2_local,qwen2.5:3b,qwen2.5vl:3b,G1,G - Complex Multi-Step,file_agent,True,0.821,False,,16.07,0,0.0,0.0003015,1416,0.0,1,list_files|read_file|read_file|read_file,qwen2.5:7b,True,DeepEval GEval (0.821),"The Actual Output effectively identifies the REINDEX operation as the root cause and traces the chain of failures through connection pool exhaustion to order-service timeouts and API gateway 502 errors. However, it lacks specific timestamps for when the connection pool was exhausted and when the order-service queries timed out, which are present in the Expected Output. This omission slightly reduces the alignment with the evaluation steps."
2026-08-21 03:16:36,v2_local,qwen2.5:3b,qwen2.5vl:3b,G2,G - Complex Multi-Step,planning_agent,True,0.554,False,,20.06,0,0.0,0.0002781,1305,0.0,2,,qwen2.5:7b,False,DeepEval GEval (0.554),"The Actual Output covers all four required areas (backend, frontend, database, and testing) and provides a detailed list of subtasks with dependencies. However, it lacks a clear articulation of the dependency order for the first task, which is essential for completeness. Additionally, while the dependencies are mostly correct, some steps do not align perfectly with the Expected Output, indicating a need for refinement in the dependency structure."
2026-08-21 03:16:36,v2_local,qwen2.5:3b,qwen2.5vl:3b,G3,G - Complex Multi-Step,code_agent,True,,False,,7.13,0,0.0,0.0,0,0.0,1,,qwen2.5-coder:7b,True,automated (exec + function defined),
2026-08-21 03:16:36,v2_local,qwen2.5:3b,qwen2.5vl:3b,G4,G - Complex Multi-Step,file_agent,True,0.988,False,,22.62,0,0.0,0.00027735,1258,0.0,2,list_files|read_file|list_files|read_file,qwen2.5:7b,False,DeepEval GEval (0.988),"The Actual Output correctly identifies the enrich stage as the source of the NULLs in the country join, explaining that the failure occurred due to unhandled NULL customer IDs. It also clarifies how the 'OK' status of the enrich stage obscured the issue, leading to incorrect aggregation results. Furthermore, the proposed fix includes sensible actions to handle NULLs and prevent future occurrences, aligning perfectly with the evaluation criteria."
2026-08-21 03:16:36,v2_local,qwen2.5:3b,qwen2.5vl:3b,G5,G - Complex Multi-Step,file_agent,True,0.801,False,,36.1,0,0.0,0.0003468,1670,0.0,2,list_files|read_file|read_file|read_file|list_files|read_file|read_file|read_file,qwen2.5:7b,False,DeepEval GEval (0.801),"The Actual Output effectively identifies the relationship between the 502 spike and the database connection pool exhaustion, linking the pool size and timeout settings to the observed issues. It recommends increasing the pool size, which is a justified configuration change that addresses the identified problems. However, while it discusses slow queries and their impact, it could have more explicitly connected the implications of the pool_size and timeout_ms settings to the 502 error, which would"
2026-08-21 03:16:36,v2_local,qwen2.5:3b,qwen2.5vl:3b,G6,G - Complex Multi-Step,document_agent,True,0.86,False,,21.92,0,0.0,0.000351,1563,0.0,2,read_file|read_file,qwen2.5:3b,False,DeepEval GEval (0.86),"The response effectively identifies the conflict between the documents and correctly states that Document 2 is authoritative due to its detailed explanation of the rollback requirements for non-backward-compatible changes. It also concludes that Alice's plan is unsafe, aligning with the evaluation steps. However, it could improve by explicitly referencing the January 2025 runbook's recency and authority, which was not clearly stated in the output."
2026-08-21 03:16:36,v2_local,qwen2.5:3b,qwen2.5vl:3b,G7,G - Complex Multi-Step,file_agent,False,0.21,False,,32.66,0,0.0,0.0003303,1569,0.0,2,list_files|read_file|read_file|list_files|read_file|read_file,qwen2.5:7b,False,DeepEval GEval (0.21),"The response incorrectly concludes that the datasets describe related problems despite clear evidence of their independence. The analysis fails to recognize that the timestamps and failure signatures are distinct, as the metrics CSV indicates a progressive degradation in the 'api' service while the ETL log shows successful job executions with a frozen dashboard. The recommendation to investigate the resource utilization spike overlooks the fact that the ETL job is functioning correctly, leading "
2026-08-21 03:16:36,v2_local,qwen2.5:3b,qwen2.5vl:3b,G8,G - Complex Multi-Step,code_agent,False,,False,,24.41,0,0.0,0.0,0,0.0,2,,qwen2.5-coder:7b,False,automated (exec failed: ),
2026-08-21 03:42:51,v2_local,qwen2.5:3b,qwen2.5vl:3b,A1,A - File/Log Analysis,file_agent,True,0.535,False,,19.83,0,0.0,0.0002019,821,0.0,2,read_file|read_file|write_file,qwen2.5:7b,False,DeepEval GEval (0.535),"The Actual Output identifies a general issue with external services but fails to specify the individual ERROR-level log lines present in the Input, such as the cache service connection failure and the payment processing timeout. While it provides a coherent root cause summary, it does not align closely with the Expected Output, which details specific errors and their sequence."
2026-08-21 03:42:51,v2_local,qwen2.5:3b,qwen2.5vl:3b,A2,A - File/Log Analysis,file_agent,True,0.794,False,,8.7,0,0.0,0.0001995,847,0.0,2,read_file|read_file,qwen2.5:7b,False,DeepEval GEval (0.794),"The Actual Output correctly identifies the OutOfMemoryError and connects it to increasing heap usage and unreturned database connections, which aligns well with the evaluation steps. However, it lacks specific details about the percentage increase in heap usage, which is mentioned in the Expected Output, slightly reducing its completeness in addressing all critical links."
2026-08-21 03:42:51,v2_local,qwen2.5:3b,qwen2.5vl:3b,A3,A - File/Log Analysis,file_agent,False,0.371,False,,24.87,0,0.0,0.00027105,1159,0.0,2,list_files|read_file|list_files|read_file,qwen2.5:7b,False,DeepEval GEval (0.371),"The Actual Output correctly identifies two of the three specified anomalous rows (09:15 and 09:20) and their corresponding metrics. However, it fails to include the third anomaly at 09:25 for response_ms, which is a significant shortcoming. Additionally, the output does not mention any normal rows, but the absence of the third anomaly negatively impacts the overall accuracy compared to the Expected Output."
2026-08-21 03:42:51,v2_local,qwen2.5:3b,qwen2.5vl:3b,A4,A - File/Log Analysis,file_agent,True,0.539,False,,17.28,0,0.0,0.0002439,1044,0.0,2,list_files|read_file|list_files|read_file,qwen2.5:7b,False,DeepEval GEval (0.539),"The Actual Output includes key events such as cache service issues and payment processing failure, but it omits the NullPointerException in OrderService and does not accurately reflect the resource warnings. While it summarizes five points, the details do not fully align with the Expected Output, leading to a moderate score."
2026-08-21 03:42:51,v2_local,qwen2.5:3b,qwen2.5vl:3b,A5,A - File/Log Analysis,file_agent,False,0.212,False,,51.74,0,0.0,0.00022845,938,0.0,2,list_files|read_file|write_file|write_file|write_file|write_file|read_file|list_files|read_file,qwen2.5:7b,False,DeepEval GEval (0.212),"The Actual Output is a valid JSON format and is an empty array, which aligns with the requirement to return a JSON array. However, it fails to include any objects with 'timestamp' and 'message' fields, and it does not contain any of the required error events listed in the Expected Output. Therefore, while the format is correct, the content does not meet the necessary criteria."
2026-08-21 03:42:51,v2_local,qwen2.5:3b,qwen2.5vl:3b,A6,A - File/Log Analysis,file_agent,True,0.803,False,,37.46,0,0.0,0.000345,1586,0.0,2,list_files|read_file|list_files|read_file,qwen2.5:7b,False,DeepEval GEval (0.803),"The response effectively identifies the benign CPU spike at 02:30 due to the nightly backup, aligning with the evaluation steps. However, it fails to mention the sustained drift in memory, error rate, and latency starting from 03:15, which is critical for indicating a potential memory leak. While the expected output is well-aligned with the actual output, the lack of emphasis on the critical trends beyond the CPU spike slightly detracts from its overall completeness."
2026-08-21 03:42:51,v2_local,qwen2.5:3b,qwen2.5vl:3b,A7,A - File/Log Analysis,file_agent,True,0.627,False,,21.72,0,0.0,0.00028125,1281,0.0,2,list_files|read_file|read_file,qwen2.5:7b,False,DeepEval GEval (0.627),"The response correctly identifies that the ETL jobs report success and notes the dashboard warning about the unchanged customer count. However, it lacks a clear conclusion about the silent failure and does not explicitly state that the issue lies downstream of the ETL process, as indicated in the expected output. While it suggests further investigation, it does not fully align with the evaluation steps regarding the identification of the problem's nature and the implications of the successful ET"
2026-08-21 03:42:51,v2_local,qwen2.5:3b,qwen2.5vl:3b,B1,B - Code Generation,code_agent,True,,False,,11.93,0,0.0,0.0,0,0.0,1,run_python|run_python|run_python|run_python|write_file,qwen2.5:7b,True,automated (exec + function defined),
2026-08-21 03:42:51,v2_local,qwen2.5:3b,qwen2.5vl:3b,B2,B - Code Generation,code_agent,True,,False,,4.83,0,0.0,0.0,0,0.0,1,run_python|run_python,qwen2.5:7b,True,automated (exec + function defined),
2026-08-21 03:42:51,v2_local,qwen2.5:3b,qwen2.5vl:3b,B3,B - Code Generation,code_agent,False,,False,,57.85,0,0.0,0.0,0,0.0,2,write_file|write_file|run_python|run_python|write_file|run_python|run_python|write_file|run_python,qwen2.5:7b,False,automated (exec failed: name 'write_file' is not defined),
2026-08-21 03:42:51,v2_local,qwen2.5:3b,qwen2.5vl:3b,B4,B - Code Generation,code_agent,True,,False,,4.86,0,0.0,0.0,0,0.0,1,run_python|run_python,qwen2.5:7b,True,automated (exec + function defined),
2026-08-21 03:42:51,v2_local,qwen2.5:3b,qwen2.5vl:3b,B5,B - Code Generation,code_agent,False,0.0,False,,5.19,0,0.0,0.00018705,818,0.0,2,,qwen2.5:7b,False,DeepEval GEval (0.0),"The response does not provide the required SQL query, which is a critical component of the evaluation steps. It fails to demonstrate any of the necessary SQL elements such as joining tables, filtering by date, grouping by country, or ordering the results, leading to a complete lack of alignment with the evaluation criteria."
2026-08-21 03:42:51,v2_local,qwen2.5:3b,qwen2.5vl:3b,C1,C - Planning,planning_agent,True,0.796,False,,17.14,0,0.0,0.0003072,1451,0.0,1,,qwen2.5:7b,True,DeepEval GEval (0.796),"The actual output effectively breaks down the goal into clear subtasks, covering reading CSV files, cleaning data, and generating a report. It includes detailed steps for each area, such as handling missing values and generating visualizations. However, it slightly diverges from the expected output by including additional steps like defining requirements and deploying the pipeline, which, while useful, are not explicitly required in the expected output."
2026-08-21 03:42:51,v2_local,qwen2.5:3b,qwen2.5vl:3b,C2,C - Planning,planning_agent,True,0.767,False,,36.98,0,0.0,0.00032955,1561,0.0,2,,qwen2.5:7b,False,DeepEval GEval (0.767),"The response provides a comprehensive plan that covers all four areas: backend, frontend, database, and testing. The order of implementation is mostly followed, with backend tasks preceding frontend and database updates. However, the database schema updates are listed after frontend development, which slightly misaligns with the expected order. Additionally, the deployment step is included, which is not part of the expected output, indicating a minor discrepancy in focus."
2026-08-21 03:42:51,v2_local,qwen2.5:3b,qwen2.5vl:3b,C3,C - Planning,planning_agent,True,0.826,False,,45.88,0,0.0,0.0003882,1895,0.0,2,,qwen2.5:7b,False,DeepEval GEval (0.826),"The response provides a comprehensive step-by-step investigation plan that aligns well with the evaluation steps. It begins with gathering logs and checking dependencies, which is logical. The actual output systematically addresses various aspects such as application, database, and nginx logs, as well as resource usage, which reflects a thorough approach to correlating failures. However, while it covers many necessary checks, it lacks a direct mention of forming a hypothesis based on the finding"
2026-08-21 03:42:51,v2_local,qwen2.5:3b,qwen2.5vl:3b,C4,C - Planning,planning_agent,True,0.636,False,,23.63,0,0.0,0.00027285,1258,0.0,2,,qwen2.5:7b,False,DeepEval GEval (0.636),"The response correctly assigns the vision agent first and the file agent second, following the required sequence. However, it introduces a document agent for review, which is not part of the expected output and disrupts the order by assigning a task to the code agent twice, once for writing the patch and again for deployment. This additional step indicates a lack of strict adherence to the specified agent order."
2026-08-21 03:42:51,v2_local,qwen2.5:3b,qwen2.5vl:3b,C5,C - Planning,planning_agent,True,0.78,False,,35.01,0,0.0,0.00032265,1527,0.0,2,,qwen2.5:7b,False,DeepEval GEval (0.78),"The Actual Output includes most essential components such as an API Gateway, Authentication Service, Database Layer, and Middleware, which align well with the Expected Output. However, it lacks explicit mention of an Auth middleware for token validation on protected routes, which is a critical component for user authentication. This omission slightly impacts the overall completeness of the response."
2026-08-21 03:42:51,v2_local,qwen2.5:3b,qwen2.5vl:3b,D1,D - Document Processing,document_agent,True,0.856,False,,6.74,0,0.0,0.0001959,781,0.0,2,read_file|read_file,qwen2.5:7b,False,DeepEval GEval (0.856),"The actual output effectively captures the essence of edge computing by highlighting local processing, benefits such as reduced latency and enhanced privacy, and challenges related to limited computational resources. It aligns closely with the key points identified in the evaluation steps, although it could be slightly more concise to match the expected output format."
2026-08-21 03:42:51,v2_local,qwen2.5:3b,qwen2.5vl:3b,D2,D - Document Processing,document_agent,True,0.798,False,,22.15,0,0.0,0.0002601,1095,0.0,2,read_file|read_file|write_file|read_file,qwen2.5:7b,False,DeepEval GEval (0.798),"The Actual Output includes all four required sections and provides accurate one-line summaries for each, reflecting key points such as growth in requests, incidents, availability miss, shutdown savings plan, and Q3 priorities. However, while the summaries are coherent and clear, they lack some specific details present in the Expected Output, such as the exact percentage increase in spend and the projected cost reduction for analytics, which slightly affects the overall alignment."
2026-08-21 03:42:51,v2_local,qwen2.5:3b,qwen2.5vl:3b,D3,D - Document Processing,document_agent,True,0.564,False,,16.99,0,0.0,0.00021165,892,0.0,2,list_files|read_file|write_file|read_file,qwen2.5:7b,False,DeepEval GEval (0.564),"The response correctly includes 'Sarah Okafor' and 'NorthBridge Software Ltd', and accurately lists the monetary figures £142,000 and £8,500. However, it fails to include 'August 2026' in the dates, which is a significant shortcoming as all specified dates were required."
2026-08-21 03:42:51,v2_local,qwen2.5:3b,qwen2.5vl:3b,D4,D - Document Processing,document_agent,True,1.0,False,,2.8,0,0.0,0.0002109,839,0.0,1,read_file,qwen2.5:7b,True,DeepEval GEval (1.0),"The response fully aligns with the evaluation steps. The Input specifies a frequency of up to 3 days per week for remote work, which is accurately reflected in the Actual Output. The requirement for reporting lost equipment within 24 hours to IT Security is also met, and the core hours of 10:00 to 16:00 local time are correctly stated. All components are consistent and correctly referenced, demonstrating strong adherence to the evaluation criteria."
2026-08-21 03:42:51,v2_local,qwen2.5:3b,qwen2.5vl:3b,D5,D - Document Processing,document_agent,True,0.99,False,,6.03,0,0.0,0.00018435,767,0.0,2,read_file|read_file,qwen2.5:7b,False,DeepEval GEval (0.99),"The Actual Output correctly classifies the document as HR policy and provides a relevant justification that directly references key themes from the Input, such as remote work eligibility, equipment, and availability, aligning perfectly with the Expected Output."
2026-08-21 03:42:51,v2_local,qwen2.5:3b,qwen2.5vl:3b,E1,E - Multimodal,multimodal_agent,True,0.514,False,,8.42,0,0.0,0.00025545,1169,0.0,1,,qwen2.5vl:3b,,DeepEval GEval (0.514),"The response identifies the error related to the command 'la' not being recognized, which aligns with the first evaluation step. However, while it provides several troubleshooting suggestions, it lacks a direct and concrete fix that matches the expected output, which specifically suggests using 'ls' or defining an alias. Additionally, the response includes generic advice rather than focusing solely on the specific issue, which detracts from its effectiveness."
2026-08-21 03:42:51,v2_local,qwen2.5:3b,qwen2.5vl:3b,E2,E - Multimodal,multimodal_agent,True,0.806,False,,3.33,0,0.0,0.0002244,947,0.0,1,,qwen2.5vl:3b,,DeepEval GEval (0.806),"The response correctly identifies the tallest bar as Rich spending on Food and notes that the Poor class spends the most on Housing, aligning well with the evaluation steps. It also describes the spending patterns among the classes, which adds depth to the analysis. However, it could improve by providing approximate values for the spending amounts, which were mentioned as secondary requirements in the expected output."
2026-08-21 03:42:51,v2_local,qwen2.5:3b,qwen2.5vl:3b,E3,E - Multimodal,multimodal_agent,True,0.676,False,,7.48,0,0.0,0.0003285,1608,0.0,1,,qwen2.5vl:3b,,DeepEval GEval (0.676),"The output correctly identifies that the diagram compares v1 and v2 builds and names the three-layer structure: Cloud CEO, agent swarm, and evaluation layer. It also highlights key differences in roles and functionalities between the builds. However, it lacks explicit mention of agent-to-agent links, which is a significant aspect of the evaluation steps, and does not provide a balanced comparison, focusing more on v2's enhancements without adequately addressing v1's limitations."
2026-08-21 03:42:51,v2_local,qwen2.5:3b,qwen2.5vl:3b,E4,E - Multimodal,multimodal_agent,True,1.0,False,,3.13,0,0.0,0.00024345,1086,0.0,1,,qwen2.5vl:3b,,DeepEval GEval (1.0),"The CSV output matches the expected format perfectly, with exactly seven columns and ten student entries. All cell values are accurate and correspond correctly to the provided spreadsheet image, with no discrepancies noted. The overall format is clean, with no extraneous comments or formatting issues."
2026-08-21 03:42:51,v2_local,qwen2.5:3b,qwen2.5vl:3b,E5,E - Multimodal,multimodal_agent,True,0.593,False,,5.89,0,0.0,0.0003018,1376,0.0,1,,qwen2.5vl:3b,,DeepEval GEval (0.593),"The response correctly identifies the exception type as KeyError and specifies that it occurs at line 15 in the quarter_total function. However, it fails to trace the error back to the SALES_DATA dictionary, missing the detail that the 'west' region lacks a q4 entry. While it provides a general fix for checking key existence, it does not address the specific missing data issue or suggest adding the missing q4 value for the 'west' region, which is a key requirement from the evaluation steps."
2026-08-21 03:42:51,v2_local,qwen2.5:3b,qwen2.5vl:3b,F1,F - Ambiguous,file_agent,True,0.898,False,,17.35,0,0.0,0.0002409,1012,0.0,2,read_file|read_file,qwen2.5:7b,False,DeepEval GEval (0.898),"The output provides a clear interpretation of the failure, identifying specific issues with the cache service and order processing. It logically connects the high memory usage and connection refusal to the deployment failure. The assumptions about the relationship between these issues and the failure are implicit but well-supported by the log details. The response effectively addresses the ambiguity of the request by offering actionable resolutions without seeking further clarification, though i"
2026-08-21 03:42:51,v2_local,qwen2.5:3b,qwen2.5vl:3b,F2,F - Ambiguous,code_agent,False,0.48,False,,4.53,0,0.0,0.00018825,802,0.0,1,run_python,qwen2.5:7b,True,DeepEval GEval (0.48),"The output provides a reasonable interpretation of the input by combining the two conditional checks into one, improving readability. However, it does not clarify what 'clean up' entails, lacks comments or documentation explaining the changes made, and does not significantly enhance the original functionality, which limits its effectiveness."
2026-08-21 03:42:51,v2_local,qwen2.5:3b,qwen2.5vl:3b,F3,F - Ambiguous,planning_agent,False,0.386,False,,33.33,0,0.0,0.0002625,1267,0.0,2,,qwen2.5:7b,False,DeepEval GEval (0.386),"The output provides a structured approach with clear steps to move the project forward, which is a strength. However, it fails to acknowledge the lack of specific information in the request and does not state any assumptions based on the limited context provided. Additionally, there are no clarifying questions to gather more details from the requester, which limits its effectiveness in addressing the user's needs."
2026-08-21 03:42:51,v2_local,qwen2.5:3b,qwen2.5vl:3b,F4,F - Ambiguous,document_agent,True,0.771,False,,16.37,0,0.0,0.00019185,808,0.0,2,read_file|read_file,qwen2.5:7b,False,DeepEval GEval (0.771),"The response effectively identifies a legitimate issue regarding the overall availability being below the target at 99.87% and mentions significant incidents affecting service reliability. It also notes ongoing cost optimization efforts, which may not fully address potential savings. However, while it provides a clear interpretation of these issues, it could improve by offering specific recommendations for next steps, which would enhance the clarity of the output."
2026-08-21 03:42:51,v2_local,qwen2.5:3b,qwen2.5vl:3b,F5,F - Ambiguous,document_agent,True,0.861,False,,12.87,0,0.0,0.0002169,888,0.0,2,read_file|read_file,qwen2.5:7b,False,DeepEval GEval (0.861),"The response effectively identifies and summarizes key themes such as eligibility limits, security obligations, and core hours, aligning well with the evaluation steps. It prioritizes relevant information over trivial details and provides a clear rationale for the selection of important points. However, it could improve slightly by explicitly mentioning the 24-hour reporting rule in the context of lost or stolen equipment, which was noted but not emphasized as a key theme."
2026-08-21 03:42:51,v2_local,qwen2.5:3b,qwen2.5vl:3b,G1,G - Complex Multi-Step,file_agent,True,0.707,False,,49.07,0,0.0,0.00036015,1726,0.0,2,list_files|read_file|read_file|read_file|list_files|read_file|read_file|read_file,qwen2.5:7b,False,DeepEval GEval (0.707),"The response identifies the connection pool exhaustion in the inventory database as the shared root cause and explains the cascading failures to the order service and API gateway. However, it lacks specific details about the timing of the REINDEX operation and its exclusive lock, which are crucial for fully aligning with the expected output. The explanation of the chain of failures is clear but could benefit from more precise correlation with the timestamps and the nature of the lock."
2026-08-21 03:42:51,v2_local,qwen2.5:3b,qwen2.5vl:3b,G2,G - Complex Multi-Step,planning_agent,True,0.616,False,,21.7,0,0.0,0.0002772,1323,0.0,2,,qwen2.5:7b,False,DeepEval GEval (0.616),"The Actual Output covers the required areas of backend, frontend, database, and testing, but it lacks clarity in the dependency structure for some tasks. While dependencies are mentioned, they are not consistently articulated, and some subtasks could be more explicitly linked to the overall feature. Additionally, the output is more detailed than the Expected Output, which may indicate a misalignment in scope."
2026-08-21 03:42:51,v2_local,qwen2.5:3b,qwen2.5vl:3b,G3,G - Complex Multi-Step,code_agent,False,,False,,63.07,0,0.0,0.0,0,0.0,2,write_file|run_python|write_file|run_python|run_python|write_file|run_python|write_file|run_python|run_python|write_file|run_python|write_file|run_python|write_file,qwen2.5:7b,False,"automated (exec failed: invalid syntax (<string>, line 1))",
2026-08-21 03:42:51,v2_local,qwen2.5:3b,qwen2.5vl:3b,G4,G - Complex Multi-Step,file_agent,True,0.973,False,,21.63,0,0.0,0.00027645,1234,0.0,2,list_files|read_file|list_files|read_file,qwen2.5:7b,False,DeepEval GEval (0.973),"The response accurately identifies the enrich stage as the fault origin, detailing the NULL values produced during the country join. It confirms the aggregation collapse to one row, highlighting the misleading 'OK' status. The proposed fixes are sensible, addressing the join issue and suggesting a validation gate for NULL-country values, aligning perfectly with the expected output."
2026-08-21 03:42:51,v2_local,qwen2.5:3b,qwen2.5vl:3b,G5,G - Complex Multi-Step,file_agent,True,0.681,False,,36.0,0,0.0,0.00032925,1466,0.0,2,list_files|read_file|read_file|read_file|list_files|read_file|read_file|read_file,qwen2.5:7b,False,DeepEval GEval (0.681),"The Actual Output identifies the relationship between the 502 spike and the log indicating DB pool exhaustion, noting that queries are timing out at 4000ms. It effectively discusses the implications of the pool_size and timeout settings, suggesting a reduction in pool_size to better match the number of active workers. However, it does not recommend increasing the pool_size as the Expected Output suggests, which could be a more effective solution given the context of the issue. The evaluation tre"
2026-08-21 03:42:51,v2_local,qwen2.5:3b,qwen2.5vl:3b,G6,G - Complex Multi-Step,document_agent,True,0.968,False,,27.45,0,0.0,0.00033495,1567,0.0,2,read_file|read_file,qwen2.5:7b,False,DeepEval GEval (0.968),The output correctly identifies the January 2025 runbook as outdated and acknowledges the June 2026 post-mortem as the authoritative source that mandates a paired migration rollback and DBA approval for release 4.2 and later. It concludes that Alice's plan is UNSAFE due to her reliance on the outdated runbook and provides a corrected procedure that aligns with the post-mortem guidelines.
2026-08-21 03:42:51,v2_local,qwen2.5:3b,qwen2.5vl:3b,G7,G - Complex Multi-Step,file_agent,True,0.748,False,,30.76,0,0.0,0.000306,1473,0.0,2,list_files|read_file|read_file|list_files|read_file|read_file,qwen2.5:7b,False,DeepEval GEval (0.748),"The response effectively identifies the distinct systems (api service vs ETL job) and analyzes their respective metrics and logs. It correctly concludes that the problems are independent, supported by evidence from both datasets. However, it lacks a clear mention of the specific time periods for the api service metrics, which could strengthen the argument regarding the independence of the issues. Overall, the analysis is thorough and aligns well with the evaluation steps."
2026-08-21 03:42:51,v2_local,qwen2.5:3b,qwen2.5vl:3b,G8,G - Complex Multi-Step,code_agent,False,,False,,300.0,0,0.0,0.0,0,0.0,0,,,False,"automated (exec failed: invalid syntax (<string>, line 1))",
2026-08-21 03:57:40,v2_hybrid,qwen2.5:3b,qwen2.5vl:3b,A1,A - File/Log Analysis,file_agent,True,0.78,True,0.47,14.3,1,0.000227,0.0004338,1758,1.212,2,read_file|read_file|write_file|read_file,qwen2.5:7b,False,DeepEval GEval (0.78),"The Actual Output effectively identifies ERROR-level log lines related to cache connection failures and payment processing timeouts, aligning well with the Input. However, while the summary provides a comprehensive overview of the issues, it lacks the specificity of the Expected Output regarding the cascading nature of the failures, which slightly diminishes its clarity and alignment with the expected root cause analysis."
2026-08-21 03:57:40,v2_hybrid,qwen2.5:3b,qwen2.5vl:3b,A2,A - File/Log Analysis,file_agent,True,0.768,False,,8.79,0,0.0,0.00021015,852,0.0,2,read_file|list_files|read_file,qwen2.5:7b,False,DeepEval GEval (0.768),"The Actual Output correctly identifies the OutOfMemoryError as the crash point and connects it to rising heap usage and resource constraints. However, it lacks a clear mention of the leaked database connections as a specific issue, which is a critical part of the expected analysis. While it provides a comprehensive overview, it does not fully align with the requirement to explicitly discuss the connection leak."
2026-08-21 03:57:40,v2_hybrid,qwen2.5:3b,qwen2.5vl:3b,A3,A - File/Log Analysis,file_agent,False,0.41,True,0.138,22.96,1,0.000221,0.00055305,2436,0.196,2,list_files|read_file|read_file,qwen2.5:7b,False,DeepEval GEval (0.41),"The Actual Output identifies two of the three required anomalous rows (09:20 and 09:25) but fails to include the 09:15 row for cpu_pct, which is critical for a complete assessment. Additionally, while it correctly identifies the abnormal metrics for the flagged rows, it does not mention that the 09:15 row is abnormal, leading to a lower score due to missing anomalies and incomplete identification."
2026-08-21 03:57:40,v2_hybrid,qwen2.5:3b,qwen2.5vl:3b,A4,A - File/Log Analysis,file_agent,True,0.562,True,0.232,16.44,1,0.000203,0.0004764,1994,1.212,2,list_files|read_file|list_files|read_file,qwen2.5:7b,False,DeepEval GEval (0.562),"The Actual Output captures several key events, such as the cache service failure and the NullPointerException, but it lacks clarity on the payment timeout specifically for order 9921 and does not mention the scheduled backup or health checks. While it summarizes important operational details, it does not fully align with the Expected Output in terms of completeness and specificity."
2026-08-21 03:57:40,v2_hybrid,qwen2.5:3b,qwen2.5vl:3b,A5,A - File/Log Analysis,file_agent,True,0.657,True,0.368,23.9,1,0.000236,0.0005079,2264,1.212,2,list_files|read_file|read_file|list_files|read_file|read_file,qwen2.5:7b,False,DeepEval GEval (0.657),"The Actual Output is valid JSON and contains the required fields 'timestamp' and 'message'. However, it includes an extra message about the stack trace, which is not part of the required error events. While it captures some required events, it misses 'payment timeout' in the expected format, leading to a partial match with the Expected Output."
2026-08-21 03:57:40,v2_hybrid,qwen2.5:3b,qwen2.5vl:3b,A6,A - File/Log Analysis,file_agent,True,0.728,False,,38.71,0,0.0,0.00033315,1576,0.0,2,list_files|read_file|list_files|read_file,qwen2.5:7b,False,DeepEval GEval (0.728),"The Actual Output correctly identifies the CPU spike during the backup window as benign and notes the sustained issues starting from 03:15. However, it fails to explicitly mention the correlation of rising memory usage, error rate, and latency as a memory leak, which is a key detail in the Expected Output. Overall, it aligns well with the evaluation steps but lacks some specificity in identifying the underlying problem."
2026-08-21 03:57:40,v2_hybrid,qwen2.5:3b,qwen2.5vl:3b,A7,A - File/Log Analysis,file_agent,True,0.798,False,,21.72,0,0.0,0.00027975,1262,0.0,2,list_files|read_file|read_file,qwen2.5:7b,False,DeepEval GEval (0.798),"The response accurately identifies the silent failure in the ETL process despite successful job reports, aligning well with the evaluation steps. It notes the unchanged customer count on the dashboard and suggests potential issues in the extract phase. However, it lacks specific details about the rising record counts from the ETL jobs, which were part of the expected output, and does not explicitly mention the last successful refresh date, which is crucial for a complete assessment."
2026-08-21 03:57:40,v2_hybrid,qwen2.5:3b,qwen2.5vl:3b,B1,B - Code Generation,code_agent,True,,False,,5.23,0,0.0,0.0,0,0.0,1,,qwen2.5-coder:7b,True,automated (exec + function defined),
2026-08-21 03:57:40,v2_hybrid,qwen2.5:3b,qwen2.5vl:3b,B2,B - Code Generation,code_agent,True,,False,,1.82,0,0.0,0.0,0,0.0,1,,qwen2.5-coder:7b,True,"automated (exec ok, no function defined)",
2026-08-21 03:57:40,v2_hybrid,qwen2.5:3b,qwen2.5vl:3b,B3,B - Code Generation,code_agent,True,,False,,16.65,0,0.0,0.0,0,0.0,2,,qwen2.5-coder:7b,False,automated (exec + function defined),
2026-08-21 03:57:40,v2_hybrid,qwen2.5:3b,qwen2.5vl:3b,B4,B - Code Generation,code_agent,True,,False,,2.57,0,0.0,0.0,0,0.0,1,,qwen2.5-coder:7b,True,"automated (exec ok, no function defined)",
2026-08-21 03:57:40,v2_hybrid,qwen2.5:3b,qwen2.5vl:3b,B5,B - Code Generation,code_agent,True,0.77,False,,1.71,0,0.0,0.00018645,793,0.0,1,,qwen2.5-coder:7b,True,DeepEval GEval (0.77),"The SQL query correctly joins the orders and customers tables on customer_id, filters records for the year 2026, groups by country, and orders the results by total amount in descending order. However, it uses YEAR() for filtering instead of a range condition, which is less precise than the expected output's method of using date boundaries."
2026-08-21 03:57:40,v2_hybrid,qwen2.5:3b,qwen2.5vl:3b,C1,C - Planning,planning_agent,True,0.837,False,,17.02,0,0.0,0.0003228,1477,0.0,1,,qwen2.5:7b,True,DeepEval GEval (0.837),"The actual output effectively outlines a coherent workflow for building a data pipeline, starting with reading CSV files and following with data cleaning and summary report generation. However, it includes additional steps like defining requirements and setting up the environment, which, while useful, are not part of the expected output. The cleaning step is well-defined and logically follows the reading step, and the summary report generation is appropriately placed at the end. Overall, the str"
2026-08-21 03:57:40,v2_hybrid,qwen2.5:3b,qwen2.5vl:3b,C2,C - Planning,planning_agent,True,0.821,False,,38.8,0,0.0,0.00033675,1606,0.0,2,,qwen2.5:7b,False,DeepEval GEval (0.821),"The response provides a comprehensive task breakdown that covers all four areas: database changes, backend, frontend, and testing. It logically follows the order of operations, addressing database changes before backend and frontend tasks. However, while it includes deployment tasks, these were not part of the expected output, which may indicate a slight misalignment with the specific requirements. Additionally, the expected output emphasizes certain elements like protected routes and auth state"
2026-08-21 03:57:40,v2_hybrid,qwen2.5:3b,qwen2.5vl:3b,C3,C - Planning,planning_agent,True,0.845,False,,45.5,0,0.0,0.000393,1906,0.0,2,,qwen2.5:7b,False,DeepEval GEval (0.845),"The response provides a comprehensive and logical investigation plan that aligns well with the evaluation steps. It begins with gathering initial information, including logs and database health, which is crucial for identifying the cause of 500 errors. The systematic approach to checking application, database, and nginx logs reflects a strong correlation with the expected output's emphasis on analyzing failures by endpoint and worker process. However, while it covers resource usage and potential"
2026-08-21 03:57:40,v2_hybrid,qwen2.5:3b,qwen2.5vl:3b,C4,C - Planning,planning_agent,True,1.0,True,0.373,28.92,1,0.000195,0.0005493,2582,0.129,2,,qwen2.5:7b,False,DeepEval GEval (1.0),"The response correctly follows the evaluation steps by assigning the vision agent first to read the error screenshot, followed by the file agent to locate the stack trace, and finally the code agent to write the patch. The order of agent assignments is consistent with the required sequence, demonstrating a clear understanding of the task delegation process."
2026-08-21 03:57:40,v2_hybrid,qwen2.5:3b,qwen2.5vl:3b,C5,C - Planning,planning_agent,True,0.757,False,,34.68,0,0.0,0.00032205,1523,0.0,2,,qwen2.5:7b,False,DeepEval GEval (0.757),"The Actual Output includes most essential components such as an API Gateway, Authentication Service, and Database Layer, each with clear responsibilities. However, it lacks a specific mention of an Auth middleware for token validation, which is critical for user authentication. Additionally, while it covers configuration management, it does not explicitly address deployment concerns, which are part of the Expected Output."
2026-08-21 03:57:40,v2_hybrid,qwen2.5:3b,qwen2.5vl:3b,D1,D - Document Processing,document_agent,True,0.862,False,,6.85,0,0.0,0.0002004,814,0.0,2,read_file|read_file,qwen2.5:3b,False,DeepEval GEval (0.862),"The actual output effectively summarizes key points about edge computing, including local processing, benefits like reduced latency and privacy, and challenges related to limited compute resources. It aligns closely with the evaluation steps, although it is slightly longer than the expected 2-3 sentences, which prevents a perfect score."
2026-08-21 03:57:40,v2_hybrid,qwen2.5:3b,qwen2.5vl:3b,D2,D - Document Processing,document_agent,True,0.803,False,,15.48,0,0.0,0.00025755,1123,0.0,2,read_file|write_file|read_file|write_file,qwen2.5:3b,False,DeepEval GEval (0.803),"The Actual Output includes all four required sections and provides accurate one-line summaries for each, reflecting key points such as growth in requests, incidents, cost savings, and Q3 priorities. However, it lacks specific details on spend figures and the availability target, which are present in the Expected Output, slightly affecting its completeness and alignment with the evaluation criteria."
2026-08-21 03:57:40,v2_hybrid,qwen2.5:3b,qwen2.5vl:3b,D3,D - Document Processing,document_agent,True,0.694,True,0.337,14.4,1,0.000159,0.0004554,1866,1.365,2,read_file|read_file|write_file|read_file|write_file|write_file,qwen2.5:3b,False,DeepEval GEval (0.694),"The response correctly includes 'Sarah Okafor' and 'NorthBridge Software Ltd', fulfilling the first two evaluation steps. However, while it lists all specified dates, it also includes extraneous entries like 'Q2 2026' and 'Q1', which detracts from the accuracy of the date extraction. The monetary figures are accurately represented, meeting the final requirement. Overall, the output is mostly aligned but has some shortcomings in the date listing."
2026-08-21 03:57:40,v2_hybrid,qwen2.5:3b,qwen2.5vl:3b,D4,D - Document Processing,document_agent,True,1.0,False,,1.69,0,0.0,0.0002109,848,0.0,1,read_file,qwen2.5:3b,True,DeepEval GEval (1.0),"The response fully aligns with the evaluation steps. The Input specifies a frequency of up to 3 days per week for remote work, which is correctly reflected in the Actual Output. The requirement to report lost equipment within 24 hours to IT Security is also met, and the core hours of 10:00 to 16:00 local time are accurately stated. All components are consistent and correctly referenced."
2026-08-21 03:57:40,v2_hybrid,qwen2.5:3b,qwen2.5vl:3b,D5,D - Document Processing,document_agent,True,0.913,False,,5.3,0,0.0,0.00020055,803,0.0,2,read_file|read_file,qwen2.5:3b,False,DeepEval GEval (0.913),"The Actual Output correctly classifies the document as HR policy and provides a strong justification that aligns with the key themes identified in the Input, such as eligibility criteria and equipment provisions. However, it could be slightly improved by explicitly mentioning 'company rules' as noted in the Expected Output, which would enhance the alignment with the expected justification."
2026-08-21 03:57:40,v2_hybrid,qwen2.5:3b,qwen2.5vl:3b,E1,E - Multimodal,multimodal_agent,True,0.642,False,,9.6,0,0.0,0.00026895,1202,0.0,1,,qwen2.5vl:3b,,DeepEval GEval (0.642),"The response identifies the error related to the command 'la' not being recognized, which aligns with the input. However, while it provides several troubleshooting steps, many are generic and do not directly address the specific fix suggested in the expected output. The expected output clearly states that 'la' is a Unix alias and suggests using 'ls' or defining an alias, which is more concrete than the broader suggestions given in the actual output."
2026-08-21 03:57:40,v2_hybrid,qwen2.5:3b,qwen2.5vl:3b,E2,E - Multimodal,multimodal_agent,True,0.65,False,,3.47,0,0.0,0.0002238,946,0.0,1,,qwen2.5vl:3b,,DeepEval GEval (0.65),"The response correctly identifies the tallest bar as Rich spending on Food, which aligns with the first evaluation step. However, it incorrectly states that the Rich class spends the most on housing, contradicting the second step that requires the Poor class to have the highest housing expenditure. The description of spending patterns is somewhat accurate but lacks specific values, which affects the overall score."
2026-08-21 03:57:40,v2_hybrid,qwen2.5:3b,qwen2.5vl:3b,E3,E - Multimodal,multimodal_agent,True,0.672,False,,7.86,0,0.0,0.0003171,1589,0.0,1,,qwen2.5vl:3b,,DeepEval GEval (0.672),"The output correctly identifies that the diagram compares v1 and v2 builds and names the three-layer structure: Cloud CEO, agent swarm, and evaluation layer. However, it lacks a clear mention of agent-to-agent links and does not provide a balanced comparison, as it focuses more on the differences in v2 without adequately addressing the strengths of v1."
2026-08-21 03:57:40,v2_hybrid,qwen2.5:3b,qwen2.5vl:3b,E4,E - Multimodal,multimodal_agent,True,0.999,False,,3.32,0,0.0,0.0002439,1089,0.0,1,,qwen2.5vl:3b,,DeepEval GEval (0.999),"The CSV output matches the expected format perfectly, with exactly seven columns and ten student entries. All cell values correspond accurately to those in the expected output, with no discrepancies noted. The overall format is clean and free of extraneous comments or issues."
2026-08-21 03:57:40,v2_hybrid,qwen2.5:3b,qwen2.5vl:3b,E5,E - Multimodal,multimodal_agent,True,0.594,False,,6.24,0,0.0,0.0002994,1372,0.0,1,,qwen2.5vl:3b,,DeepEval GEval (0.594),"The response correctly identifies the exception type as KeyError and specifies that it occurs at line 15 in the quarter_total function. However, it fails to trace the error back to the SALES_DATA dictionary, missing the detail that the 'west' region lacks a q4 entry. While it provides a general fix for checking key existence, it does not address the specific missing data issue or suggest adding the missing q4 value for the 'west' region as indicated in the expected output."
2026-08-21 03:57:40,v2_hybrid,qwen2.5:3b,qwen2.5vl:3b,F1,F - Ambiguous,file_agent,True,0.904,False,,25.61,0,0.0,0.00026355,1184,0.0,2,read_file|read_file,qwen2.5:7b,False,DeepEval GEval (0.904),"The output provides a clear interpretation of the failure, identifying specific issues with the cache service and payment processing. It logically connects these issues to the deployment failure and suggests relevant next steps for investigation and resolution. The assumptions about the impact of the cache service on payment processing are implied but not explicitly stated, which slightly detracts from clarity. Overall, the response effectively addresses the ambiguity of the request without seek"
2026-08-21 03:57:40,v2_hybrid,qwen2.5:3b,qwen2.5vl:3b,F2,F - Ambiguous,code_agent,True,0.933,False,,7.78,0,0.0,0.0001896,793,0.0,1,,qwen2.5-coder:7b,True,DeepEval GEval (0.933),"The Actual Output effectively simplifies the function using a list comprehension, which enhances readability and follows idiomatic Python practices. The functionality remains unchanged, as it still filters out None and non-positive values while doubling the positive numbers. However, it lacks comments or documentation explaining the changes made during the cleanup, which would have provided additional clarity."
2026-08-21 03:57:40,v2_hybrid,qwen2.5:3b,qwen2.5vl:3b,F3,F - Ambiguous,planning_agent,True,0.685,False,,29.86,0,0.0,0.0002658,1304,0.0,2,,qwen2.5:7b,False,DeepEval GEval (0.685),"The output provides a structured plan with clear steps to move the project forward, demonstrating a good understanding of project management. However, it fails to acknowledge the lack of specific information in the request and does not state any assumptions made. Additionally, while it outlines a framework, it lacks clarifying questions that could help refine the request further."
2026-08-21 03:57:40,v2_hybrid,qwen2.5:3b,qwen2.5vl:3b,F4,F - Ambiguous,document_agent,True,0.803,False,,20.8,0,0.0,0.00023025,1025,0.0,2,read_file|read_file,qwen2.5:3b,False,DeepEval GEval (0.803),"The response effectively identifies specific issues in the report, such as the reliability metric being slightly below target and details two significant incidents that require attention. It goes beyond mere summarization by providing a clear interpretation of the implications of these issues and suggests areas for further investigation. However, while it addresses cost optimization opportunities, it could delve deeper into potential risks associated with the proposed solutions, which would enha"
2026-08-21 03:57:40,v2_hybrid,qwen2.5:3b,qwen2.5vl:3b,F5,F - Ambiguous,document_agent,True,0.885,False,,18.44,0,0.0,0.0002235,923,0.0,2,read_file|read_file,qwen2.5:3b,False,DeepEval GEval (0.885),"The response effectively identifies and summarizes key themes such as eligibility limits, security obligations, and core hours. It provides a clear rationale for the selection of important points, focusing on relevant details without including trivial information. The summary is concise and aligns well with the evaluation criteria, although a slight improvement could be made by explicitly mentioning the 24-hour reporting rule for lost or stolen equipment."
2026-08-21 03:57:40,v2_hybrid,qwen2.5:3b,qwen2.5vl:3b,G1,G - Complex Multi-Step,file_agent,True,0.839,False,,16.07,0,0.0,0.00032205,1460,0.0,1,list_files|read_file|read_file|read_file,qwen2.5:7b,True,DeepEval GEval (0.839),"The response effectively identifies the REINDEX operation as the root cause and explains the cascading failures across the services. It details how the ACCESS EXCLUSIVE lock led to connection pool exhaustion and subsequent timeouts in the order service, which aligns well with the expected output. However, it lacks specific timestamps for when the connection pool exhaustion and order-service timeouts occurred, which are critical for full alignment with the expected output."
2026-08-21 03:57:40,v2_hybrid,qwen2.5:3b,qwen2.5vl:3b,G2,G - Complex Multi-Step,planning_agent,True,0.564,False,,20.23,0,0.0,0.00027675,1302,0.0,2,,qwen2.5:7b,False,DeepEval GEval (0.564),"The Actual Output covers the main components of the task, including backend, frontend, database, and testing. However, it lacks clarity in the dependency statements, as some dependencies are not explicitly stated in the output, leading to potential confusion. Additionally, the output does not fully align with the Expected Output in terms of structure and completeness, particularly in the way dependencies are articulated and the overall flow of tasks."
2026-08-21 03:57:40,v2_hybrid,qwen2.5:3b,qwen2.5vl:3b,G3,G - Complex Multi-Step,code_agent,True,,False,,7.13,0,0.0,0.0,0,0.0,1,,qwen2.5-coder:7b,True,automated (exec + function defined),
2026-08-21 03:57:40,v2_hybrid,qwen2.5:3b,qwen2.5vl:3b,G4,G - Complex Multi-Step,file_agent,True,0.98,False,,22.75,0,0.0,0.00027435,1250,0.0,2,list_files|read_file|list_files|read_file,qwen2.5:7b,False,DeepEval GEval (0.98),"The Actual Output correctly identifies the enrich stage as the source of the NULLs in the country join, explaining that the failure occurred due to unhandled NULL customer IDs. It also clarifies how the 'OK' status of the enrich stage obscured the issue, leading to incorrect aggregation results. Furthermore, the proposed fix includes sensible actions to handle NULLs and prevent future occurrences, aligning perfectly with the evaluation steps."
2026-08-21 03:57:40,v2_hybrid,qwen2.5:3b,qwen2.5vl:3b,G5,G - Complex Multi-Step,file_agent,True,0.806,False,,36.3,0,0.0,0.00035055,1677,0.0,2,list_files|read_file|read_file|read_file|list_files|read_file|read_file|read_file,qwen2.5:7b,False,DeepEval GEval (0.806),"The response effectively identifies the relationship between the 502 spike and the DB pool exhaustion, explaining how the high error rate and slow queries led to the service being unable to acquire connections. It recommends increasing the pool size, which is justified based on the evidence of blocked workers and connection timeouts. However, while it mentions optimizing queries and implementing caching, it could have more explicitly connected these recommendations to the specific impact on the "
2026-08-21 03:57:40,v2_hybrid,qwen2.5:3b,qwen2.5vl:3b,G6,G - Complex Multi-Step,document_agent,True,0.932,False,,21.27,0,0.0,0.000342,1521,0.0,2,read_file|read_file,qwen2.5:3b,False,DeepEval GEval (0.932),"The output correctly identifies the January 2025 runbook as outdated and acknowledges the June 2026 post-mortem as the authoritative source that mandates a rollback plus DBA approval for releases 4.2 and later. It concludes that Alice's plan is UNSAFE due to her reliance on the outdated runbook and her rollback to 4.1 from a later release. Additionally, it provides a corrected procedure that aligns with the findings from the June 2026 post-mortem, ensuring both code and database migration rollba"
2026-08-21 03:57:40,v2_hybrid,qwen2.5:3b,qwen2.5vl:3b,G7,G - Complex Multi-Step,file_agent,True,0.791,True,0.188,32.43,1,0.000528,0.0006741,3291,1.887,2,list_files|read_file|read_file|list_files|read_file|read_file,qwen2.5:7b,False,DeepEval GEval (0.791),"The response effectively identifies the distinct systems (API service and ETL pipeline) and confirms that their issues do not overlap in time, aligning with the evaluation steps. It analyzes the failure signatures, noting performance degradation in the API and a data consistency warning in the ETL logs, which supports the conclusion of independent problems. However, it could have more explicitly stated the unrelated nature of the failure signatures, which slightly detracts from the overall clari"
2026-08-21 03:57:40,v2_hybrid,qwen2.5:3b,qwen2.5vl:3b,G8,G - Complex Multi-Step,code_agent,True,,True,,24.38,1,0.000183,0.0,0,0.0,2,,qwen2.5-coder:7b,False,automated (exec + function defined),
2026-08-21 04:19:55,v2_hybrid,qwen2.5:3b,qwen2.5vl:3b,A1,A - File/Log Analysis,file_agent,True,0.658,False,,17.8,0,0.0,0.0002118,854,0.0,2,read_file|read_file|write_file|write_file,qwen2.5:7b,False,DeepEval GEval (0.658),"The Actual Output identifies key ERROR-level issues such as cache connection failures and payment processing timeouts, which aligns with the Input requirements. However, it lacks specific timestamps and does not fully match the detail level of the Expected Output, which includes specific error instances and a more precise root cause summary. This results in a good but not perfect alignment."
2026-08-21 04:19:55,v2_hybrid,qwen2.5:3b,qwen2.5vl:3b,A2,A - File/Log Analysis,file_agent,True,0.718,False,,7.91,0,0.0,0.00019695,830,0.0,2,read_file|list_files|read_file,qwen2.5:7b,False,DeepEval GEval (0.718),"The response identifies the OutOfMemoryError as the crash point and connects it to increasing JVM memory usage and database connection pool limits. However, it lacks a clear mention of the resource leak regarding unreturned database connections, which is a critical link in the expected output. This omission prevents a full alignment with the evaluation steps."
2026-08-21 04:19:55,v2_hybrid,qwen2.5:3b,qwen2.5vl:3b,A3,A - File/Log Analysis,file_agent,True,0.861,False,,28.99,0,0.0,0.00030105,1386,0.0,2,list_files|read_file|list_files|read_file,qwen2.5:7b,False,DeepEval GEval (0.861),"The Actual Output correctly identifies the three anomalous rows at 09:15, 09:20, and 09:25, and accurately associates each with the corresponding abnormal metric: cpu_pct, disk_io_mbps, and response_ms. However, it does not explicitly state that no normal rows are flagged, which is a requirement for a perfect score. Overall, the identification of anomalies aligns well with the Expected Output."
2026-08-21 04:19:55,v2_hybrid,qwen2.5:3b,qwen2.5vl:3b,A4,A - File/Log Analysis,file_agent,True,0.604,True,0.479,7.98,1,0.000204,0.0004821,2029,1.212,1,list_files|read_file,qwen2.5:7b,True,DeepEval GEval (0.604),"The Actual Output contains exactly 5 bullet points and addresses key events such as the cache service failure and NullPointerException. However, it does not accurately represent the payment timeout for order 9921, as it mentions a payment processing failure without specifying the order number. Additionally, the resource warnings are not clearly delineated as in the Expected Output, and the normal recovery/backup event is missing entirely."
2026-08-21 04:19:55,v2_hybrid,qwen2.5:3b,qwen2.5vl:3b,A5,A - File/Log Analysis,file_agent,True,0.694,True,0.393,60.87,1,0.000236,0.000498,2237,1.212,2,list_files|read_file|write_file|write_file|write_file|write_file|write_file|list_files|read_file|read_file,qwen2.5:7b,False,DeepEval GEval (0.694),"The Actual Output is valid JSON and contains the required fields 'timestamp' and 'message'. However, it includes an extra message about the stack trace, which is not part of the required error events. While it captures three of the four required error events, it misses 'cache connection failure' and does not match the Expected Output exactly."
2026-08-21 04:19:55,v2_hybrid,qwen2.5:3b,qwen2.5vl:3b,A6,A - File/Log Analysis,file_agent,True,0.533,False,,33.98,0,0.0,0.0003627,1701,0.0,2,list_files|read_file|list_files|read_file,qwen2.5:7b,False,DeepEval GEval (0.533),"The response correctly identifies the benign nature of the CPU spike at 02:30 due to the nightly backup, aligning with the expected output. However, it fails to highlight the sustained drift in memory, error rate, and latency starting from 03:15, which is a critical aspect of the evaluation steps. While it mentions anomalies, it does not adequately connect them to the potential memory leak issue, leading to a lack of comprehensive analysis."
2026-08-21 04:19:55,v2_hybrid,qwen2.5:3b,qwen2.5vl:3b,A7,A - File/Log Analysis,file_agent,True,0.531,False,,20.6,0,0.0,0.00028395,1275,0.0,2,list_files|read_file|read_file,qwen2.5:7b,False,DeepEval GEval (0.531),"The response correctly identifies that all ETL jobs report success and that record counts are increasing, which aligns with the evaluation steps. However, it downplays the significance of the dashboard warning about the frozen customer count, which is a critical discrepancy that indicates a potential silent failure in the downstream process. The conclusion lacks a clear identification of the problem as outlined in the expected output, leading to a moderate score."
2026-08-21 04:19:55,v2_hybrid,qwen2.5:3b,qwen2.5vl:3b,B1,B - Code Generation,code_agent,True,,False,,12.85,0,0.0,0.0,0,0.0,1,run_python|run_python|run_python|run_python|run_python|run_python,qwen2.5:7b,True,automated (exec + function defined),
2026-08-21 04:19:55,v2_hybrid,qwen2.5:3b,qwen2.5vl:3b,B2,B - Code Generation,code_agent,True,,False,,4.6,0,0.0,0.0,0,0.0,1,run_python|run_python,qwen2.5:7b,True,automated (exec + function defined),
2026-08-21 04:19:55,v2_hybrid,qwen2.5:3b,qwen2.5vl:3b,B3,B - Code Generation,code_agent,True,,False,,29.99,0,0.0,0.0,0,0.0,2,write_file|write_file|write_file|run_python|run_python|write_file|run_python,qwen2.5:7b,False,automated (exec + function defined),
2026-08-21 04:19:55,v2_hybrid,qwen2.5:3b,qwen2.5vl:3b,B4,B - Code Generation,code_agent,True,,False,,4.55,0,0.0,0.0,0,0.0,1,run_python|run_python,qwen2.5:7b,True,automated (exec + function defined),
2026-08-21 04:19:55,v2_hybrid,qwen2.5:3b,qwen2.5vl:3b,B5,B - Code Generation,code_agent,True,0.794,True,0.0,4.91,1,4.9e-05,0.00037485,1614,0.0,2,,qwen2.5:7b,False,DeepEval GEval (0.794),"The SQL query correctly joins the orders and customers tables on customer_id, filters records for the year 2026, groups by country, and orders the results by total amount in descending order. However, it uses YEAR() for filtering instead of a range check on created_at, which is less efficient and does not align perfectly with the expected output format."
2026-08-21 04:19:55,v2_hybrid,qwen2.5:3b,qwen2.5vl:3b,C1,C - Planning,planning_agent,True,0.689,False,,18.89,0,0.0,0.00032955,1582,0.0,1,,qwen2.5:7b,True,DeepEval GEval (0.689),"The actual output effectively breaks down the goal into detailed subtasks, covering the reading of CSV files, data cleaning, and generating a summary report. However, it includes additional steps such as defining requirements and choosing tools, which, while useful, diverge from the expected output's focus on the core tasks. The output is comprehensive but could be more concise to align better with the expected output's simplicity."
2026-08-21 04:19:55,v2_hybrid,qwen2.5:3b,qwen2.5vl:3b,C2,C - Planning,planning_agent,True,0.757,False,,38.52,0,0.0,0.00034635,1646,0.0,2,,qwen2.5:7b,False,DeepEval GEval (0.757),"The response provides a comprehensive plan that covers all four areas: database changes, backend, frontend, and testing. It logically follows the order of operations, addressing database changes first with the creation of the user model and table, followed by backend development, frontend development, and testing. However, while it includes detailed steps, it slightly diverges from the expected output by not explicitly mentioning JWT tokens for session management and lacks emphasis on protected "
2026-08-21 04:19:55,v2_hybrid,qwen2.5:3b,qwen2.5vl:3b,C3,C - Planning,planning_agent,True,0.88,False,,37.57,0,0.0,0.0003576,1682,0.0,2,,qwen2.5:7b,False,DeepEval GEval (0.88),"The response provides a comprehensive and logical step-by-step investigation plan that aligns closely with the evaluation steps. It begins with gathering logs and analyzing them, which is consistent with the first evaluation step. The plan systematically correlates failures by monitoring resource usage and analyzing application and database performance, reflecting a structured approach. It also includes checks for resource limits and database connections, addressing the expected output effective"
2026-08-21 04:19:55,v2_hybrid,qwen2.5:3b,qwen2.5vl:3b,C4,C - Planning,planning_agent,True,1.0,True,0.294,26.86,1,0.000207,0.00051405,2539,0.129,2,,qwen2.5:7b,False,DeepEval GEval (1.0),"The response correctly follows the delegation order specified in the evaluation steps. The vision agent is assigned first to read the error screenshot, followed by the file agent to locate the stack trace, and finally the code agent to write the patched function. Each agent's role is clearly defined and aligns with the expected output, demonstrating a strong understanding of the task requirements."
2026-08-21 04:19:55,v2_hybrid,qwen2.5:3b,qwen2.5vl:3b,C5,C - Planning,planning_agent,True,0.81,False,,32.52,0,0.0,0.00032595,1534,0.0,2,,qwen2.5:7b,False,DeepEval GEval (0.81),"The Actual Output includes all essential components such as the API Gateway, Authentication Service, User Management Service, and Database Layer, each with clear responsibilities. However, it lacks a direct mention of the Auth middleware and the specific role of the Business Logic Layer, which are critical for validating tokens and implementing core operations. This omission slightly impacts the completeness of the response."
2026-08-21 04:19:55,v2_hybrid,qwen2.5:3b,qwen2.5vl:3b,D1,D - Document Processing,document_agent,True,0.773,False,,6.49,0,0.0,0.00019335,770,0.0,2,read_file|read_file,qwen2.5:7b,False,DeepEval GEval (0.773),"The actual output effectively summarizes key points about edge computing, including local processing and benefits like reduced latency and enhanced privacy. However, it could be more concise, as it combines multiple ideas into a single sentence, making it slightly longer than the expected 2-3 sentences."
2026-08-21 04:19:55,v2_hybrid,qwen2.5:3b,qwen2.5vl:3b,D2,D - Document Processing,document_agent,True,0.84,False,,28.14,0,0.0,0.00025335,1095,0.0,2,read_file|read_file|write_file|read_file|write_file,qwen2.5:7b,False,DeepEval GEval (0.84),"The response includes all four required sections and provides a one-line summary for each, accurately reflecting the content of the input. However, while the summaries align closely with the expected output, there are minor discrepancies in phrasing and detail, particularly regarding the projected cost reduction in the Outlook section, which could have been more explicitly stated. Overall, the key points are well captured, leading to a high score."
2026-08-21 04:19:55,v2_hybrid,qwen2.5:3b,qwen2.5vl:3b,D3,D - Document Processing,document_agent,True,0.635,False,,10.26,0,0.0,0.00020925,885,0.0,2,list_files|read_file|read_file,qwen2.5:7b,False,DeepEval GEval (0.635),"The response correctly includes 'Sarah Okafor' and 'NorthBridge Software Ltd.' but fails to list 'August 2026' in the dates section. It accurately presents the required monetary figures '£142,000' and '£8,500'. Overall, it meets most criteria but misses one date."
2026-08-21 04:19:55,v2_hybrid,qwen2.5:3b,qwen2.5vl:3b,D4,D - Document Processing,document_agent,True,1.0,False,,2.65,0,0.0,0.0001992,809,0.0,1,read_file,qwen2.5:7b,True,DeepEval GEval (1.0),"The response fully aligns with the evaluation steps. The Input specifies a frequency of up to 3 days per week for remote work, which is confirmed in the Actual Output. Additionally, the requirement to report lost equipment within 24 hours to IT Security is also met, and the core hours of 10:00 to 16:00 local time are accurately stated. All elements of the test case parameters are addressed correctly."
2026-08-21 04:19:55,v2_hybrid,qwen2.5:3b,qwen2.5vl:3b,D5,D - Document Processing,document_agent,True,0.996,False,,5.63,0,0.0,0.00019575,792,0.0,2,read_file|read_file,qwen2.5:7b,False,DeepEval GEval (0.996),"The Actual Output correctly classifies the document as 'HR policy' and provides a comprehensive justification that aligns with the key themes identified in the Input, specifically addressing remote work eligibility, equipment, security measures, and availability requirements, which are all relevant to HR policies."
2026-08-21 04:19:55,v2_hybrid,qwen2.5:3b,qwen2.5vl:3b,E1,E - Multimodal,multimodal_agent,True,0.602,False,,8.34,0,0.0,0.00027525,1217,0.0,1,,qwen2.5vl:3b,,DeepEval GEval (0.602),"The Actual Output correctly identifies the error related to the unrecognized command 'la' and provides a detailed analysis of potential causes. However, while it suggests several troubleshooting steps, it lacks a concrete fix that directly addresses the specific error as outlined in the Expected Output. The Expected Output succinctly provides a clear alternative command and a method to define an alias, which the Actual Output does not explicitly include, leading to a lower score for clarity and "
2026-08-21 04:19:55,v2_hybrid,qwen2.5:3b,qwen2.5vl:3b,E2,E - Multimodal,multimodal_agent,True,0.803,False,,3.42,0,0.0,0.000228,953,0.0,1,,qwen2.5vl:3b,,DeepEval GEval (0.803),"The response correctly identifies the tallest bar as Rich spending on Food and notes that the Poor class spends the most on Housing, aligning well with the evaluation steps. However, it inaccurately states that the Rich class spends the most on housing, which contradicts the expected output. The description of spending patterns is accurate and adds value, but the error regarding housing spending slightly detracts from the overall alignment."
2026-08-21 04:19:55,v2_hybrid,qwen2.5:3b,qwen2.5vl:3b,E3,E - Multimodal,multimodal_agent,True,0.68,False,,7.86,0,0.0,0.0003297,1610,0.0,1,,qwen2.5vl:3b,,DeepEval GEval (0.68),"The output correctly identifies that the diagram compares v1 and v2 builds and names the three-layer structure: Cloud CEO, agent swarm, and evaluation layer. It also highlights key differences in v2, such as the introduction of a shared tool layer and specialized agents. However, it lacks a balanced comparison of both builds, as it does not explicitly mention agent-to-agent links and focuses more on the features of v2 without adequately addressing v1's limitations."
2026-08-21 04:19:55,v2_hybrid,qwen2.5:3b,qwen2.5vl:3b,E4,E - Multimodal,multimodal_agent,True,0.973,False,,3.27,0,0.0,0.00024225,1081,0.0,1,,qwen2.5vl:3b,,DeepEval GEval (0.973),"The CSV output contains exactly seven columns as required, matches the expected header, and includes ten student entries. Each cell value corresponds correctly to the expected values, with no transposed columns or misread numbers. The format is clean, with no extraneous comments or formatting issues."
2026-08-21 04:19:55,v2_hybrid,qwen2.5:3b,qwen2.5vl:3b,E5,E - Multimodal,multimodal_agent,True,0.62,False,,6.18,0,0.0,0.00029565,1365,0.0,1,,qwen2.5vl:3b,,DeepEval GEval (0.62),"The response correctly identifies the exception type as KeyError and specifies that it occurs at line 15 in the quarter_total function. However, it fails to trace the error back to the SALES_DATA dictionary at line 9, where the missing 'q4' entry for the 'west' region is the true underlying cause. While it provides a general fix for checking key existence, it does not specifically address the missing data issue as required by the evaluation steps."
2026-08-21 04:19:55,v2_hybrid,qwen2.5:3b,qwen2.5vl:3b,F1,F - Ambiguous,file_agent,True,0.901,False,,15.37,0,0.0,0.0002394,987,0.0,2,read_file|read_file,qwen2.5:7b,False,DeepEval GEval (0.901),"The output provides a clear interpretation of the failure, identifying a `NullPointerException` as the likely cause and detailing its context within the log. It logically connects the error to a payment processing failure, addressing plausible issues such as the cache service's unavailability. The assumptions made about the cascading effects of the error are implicit but reasonable. The output is coherent and offers actionable insights for debugging, although it could explicitly state assumption"
2026-08-21 04:19:55,v2_hybrid,qwen2.5:3b,qwen2.5vl:3b,F2,F - Ambiguous,code_agent,True,0.948,True,0.38,4.32,1,0.000115,0.00041565,1793,0.0,1,run_python,qwen2.5:7b,True,DeepEval GEval (0.948),"The Actual Output effectively identifies and implements changes that enhance readability by using a list comprehension and simplifying conditions. It maintains identical functionality to the Input, correctly processing the input list. Additionally, it includes comments that explain the improvements made, which aligns well with the evaluation steps. The only minor shortcoming is that the output example does not explicitly show the expected output format, but the functionality is confirmed."
2026-08-21 04:19:55,v2_hybrid,qwen2.5:3b,qwen2.5vl:3b,F3,F - Ambiguous,planning_agent,True,0.889,False,,31.47,0,0.0,0.00027915,1309,0.0,2,,qwen2.5:7b,False,DeepEval GEval (0.889),"The response provides a detailed and structured framework for addressing the stalled project, covering key steps such as assessing the current state, identifying reasons for the stall, and prioritizing tasks. It effectively outlines actions and dependencies for each step, which aligns well with the evaluation criteria. However, it lacks explicit clarifying questions to gather more information about the project, which would enhance the response further."
2026-08-21 04:19:55,v2_hybrid,qwen2.5:3b,qwen2.5vl:3b,F4,F - Ambiguous,document_agent,True,0.779,False,,18.71,0,0.0,0.0002241,978,0.0,2,read_file|read_file,qwen2.5:7b,False,DeepEval GEval (0.779),"The response effectively identifies key issues from the report, such as the slight miss on availability targets and the incidents affecting performance. It also provides a clear interpretation of these issues, discussing the implications of the misconfigured load balancer and the database failover. However, while it mentions areas for improvement, it could delve deeper into the impact of these challenges on overall performance and user experience, which would enhance the analysis further."
2026-08-21 04:19:55,v2_hybrid,qwen2.5:3b,qwen2.5vl:3b,F5,F - Ambiguous,document_agent,True,0.891,False,,12.07,0,0.0,0.00022275,903,0.0,2,read_file|read_file,qwen2.5:7b,False,DeepEval GEval (0.891),"The response effectively identifies and summarizes key themes from the document, including eligibility limits, security obligations, and core hours. It prioritizes these critical elements over less relevant information, providing a clear rationale for each point. The summary avoids reproducing the entire document and focuses on concise, relevant details, although it could have included a brief mention of the 24-hour reporting rule for lost or stolen equipment to fully align with all evaluation s"
2026-08-21 04:19:55,v2_hybrid,qwen2.5:3b,qwen2.5vl:3b,G1,G - Complex Multi-Step,file_agent,True,0.768,False,,37.95,0,0.0,0.000282,1286,0.0,2,list_files|read_file|read_file|read_file|list_files|read_file|read_file|read_file,qwen2.5:7b,False,DeepEval GEval (0.768),"The Actual Output correctly identifies the database REINDEX operation as the root cause and describes the chain of failures across the services. It details the ACCESS EXCLUSIVE lock and its impact on the order service and API gateway. However, it lacks specific timing details regarding the connection pool exhaustion and the recovery time, which are present in the Expected Output, preventing a perfect score."
2026-08-21 04:19:55,v2_hybrid,qwen2.5:3b,qwen2.5vl:3b,G2,G - Complex Multi-Step,planning_agent,True,0.748,True,0.495,15.87,1,0.000306,0.0005706,2721,0.153,2,,qwen2.5:7b,False,DeepEval GEval (0.748),"The response effectively breaks down the feature into detailed subtasks across backend, frontend, database, and testing, aligning well with the input requirements. It includes explicit dependencies for each subtask, demonstrating a clear understanding of the relationships between components. However, while it covers most areas comprehensively, it lacks a mention of 'protected routes and auth state in React' as specified in the expected output, which slightly affects its completeness."
2026-08-21 04:19:55,v2_hybrid,qwen2.5:3b,qwen2.5vl:3b,G3,G - Complex Multi-Step,code_agent,True,,True,,300.0,1,0.00013,0.0,0,0.0,0,,,False,automated (exec + function defined),
2026-08-21 04:19:55,v2_hybrid,qwen2.5:3b,qwen2.5vl:3b,G4,G - Complex Multi-Step,file_agent,True,0.878,False,,18.51,0,0.0,0.0002553,1114,0.0,2,list_files|read_file|list_files|read_file,qwen2.5:7b,False,DeepEval GEval (0.878),"The Actual Output correctly identifies the enrich stage as the source of the fault and explains how the NULL values for the country field led to incorrect reporting. It also proposes a sensible fix by suggesting the removal or replacement of NULL values and the addition of validation checks. However, it could have more explicitly mentioned the obscured failure of the join due to the 'OK' status, which is a minor shortcoming."
2026-08-21 04:19:55,v2_hybrid,qwen2.5:3b,qwen2.5vl:3b,G5,G - Complex Multi-Step,file_agent,True,0.82,False,,33.98,0,0.0,0.00032295,1427,0.0,2,list_files|read_file|read_file|read_file|list_files|read_file|read_file|read_file,qwen2.5:7b,False,DeepEval GEval (0.82),"The response effectively identifies the relationship between the 502 spike and the log entries, noting that the database connection pool exhaustion and query timeouts contributed to the issue. It connects the alert, log, and config settings well, demonstrating an understanding of their interdependencies. The recommendations to increase the pool size and adjust the timeout are justified based on the evidence provided. However, while the recommendations are solid, they could have included a more e"
2026-08-21 04:19:55,v2_hybrid,qwen2.5:3b,qwen2.5vl:3b,G6,G - Complex Multi-Step,document_agent,True,0.879,False,,24.76,0,0.0,0.00036,1611,0.0,2,read_file|read_file,qwen2.5:7b,False,DeepEval GEval (0.879),"The output effectively identifies the January 2025 runbook as outdated and acknowledges the June 2026 post-mortem as the authoritative source that mandates a paired migration rollback and DBA approval for release 4.2 and later. It correctly concludes that Alice's plan is UNSAFE due to her reliance on the outdated runbook and rollback to 4.1 from a later release. The provided corrected procedure aligns well with the latest guidance. However, it could have explicitly stated that the January runboo"
2026-08-21 04:19:55,v2_hybrid,qwen2.5:3b,qwen2.5vl:3b,G7,G - Complex Multi-Step,file_agent,True,0.867,True,0.2,33.37,1,0.000525,0.00065865,3227,1.887,2,list_files|read_file|read_file|list_files|read_file|read_file,qwen2.5:7b,False,DeepEval GEval (0.867),"The response effectively identifies the two systems as distinct, analyzing the metrics CSV for the API service and the ETL log for the daily_customer_sync. It confirms that the time periods do not overlap and that the failure signatures are unrelated, supporting the conclusion of independent problems. The recommendation for investigation is well-grounded in the performance issues highlighted in the metrics, although it could have explicitly stated the lack of correlation in error rates and perfo"
2026-08-21 04:19:55,v2_hybrid,qwen2.5:3b,qwen2.5vl:3b,G8,G - Complex Multi-Step,code_agent,True,,True,,104.12,1,0.000183,0.0,0,0.0,2,write_file|write_file|write_file|write_file|run_python|write_file|run_python|write_file|run_python|write_file|run_python|write_file|write_file|run_python|write_file|run_python|write_file|run_python,qwen2.5:7b,False,automated (exec + function defined),
2026-08-21 04:25:25,local_only,qwen2.5:3b,qwen2.5vl:3b,A1,A - File/Log Analysis,file_agent,False,0.472,False,,2.28,0,0.0,0.00019785,788,0.0,0,,,,DeepEval GEval (0.472),"The Actual Output identifies a NullPointerException, which is relevant, but it fails to mention the cache service connection failure and payment processing timeout, which are critical components of the Expected Output. While it provides a root cause, it does not align fully with the expected summary of cascading failures, leading to a partial match in content and clarity."
2026-08-21 04:25:25,local_only,qwen2.5:3b,qwen2.5vl:3b,A2,A - File/Log Analysis,file_agent,True,0.793,False,,1.15,0,0.0,0.00020085,829,0.0,0,,,,DeepEval GEval (0.793),"The Actual Output clearly identifies the OutOfMemoryError as the crash point and discusses rising heap usage as a contributing factor. However, it does not explicitly connect the OutOfMemoryError to the issue of leaked database connections, which is a critical aspect mentioned in the Expected Output. This omission prevents a perfect alignment with the evaluation steps."
2026-08-21 04:25:25,local_only,qwen2.5:3b,qwen2.5vl:3b,A3,A - File/Log Analysis,file_agent,False,0.31,False,,6.38,0,0.0,0.0003015,1362,0.0,0,,,,DeepEval GEval (0.31),"The response identifies two of the three required anomalous rows: 09:20 (disk_io_mbps 95) and 09:25 (response_ms 940). However, it fails to mention the critical anomaly at 09:15 (cpu_pct 88), which is a significant shortcoming. Additionally, the analysis incorrectly flags normal values and does not provide a clear identification of the abnormal metric for the missing row."
2026-08-21 04:25:25,local_only,qwen2.5:3b,qwen2.5vl:3b,A4,A - File/Log Analysis,file_agent,False,0.463,False,,3.13,0,0.0,0.0002565,1080,0.0,0,,,,DeepEval GEval (0.463),"The Actual Output includes most key events but fails to summarize them into exactly 5 bullet points as requested. While it captures the cache service failure, NullPointerException, payment timeout, and resource warnings, it does not clearly reflect the scheduled backup completion in a concise manner. Additionally, the structure is somewhat cluttered, making it less clear than the Expected Output."
2026-08-21 04:25:25,local_only,qwen2.5:3b,qwen2.5vl:3b,A5,A - File/Log Analysis,file_agent,False,0.321,False,,1.48,0,0.0,0.0002226,956,0.0,0,,,,DeepEval GEval (0.321),"The Actual Output is valid JSON and contains the required 'timestamp' and 'message' fields. However, it is missing several required error events from the Expected Output, specifically 'cache unavailable after retries' and 'payment timeout'. This lack of completeness significantly impacts the alignment with the evaluation steps."
2026-08-21 04:25:25,local_only,qwen2.5:3b,qwen2.5vl:3b,A6,A - File/Log Analysis,file_agent,False,0.498,False,,10.39,0,0.0,0.000393,1891,0.0,0,,,,DeepEval GEval (0.498),"The response identifies the CPU spike as benign due to the nightly backup, aligning with the evaluation steps. However, it fails to clearly highlight the sustained correlated drift starting from 03:15, particularly the increases in memory, error rate, and latency, which are crucial for indicating a potential memory leak. While it mentions anomalies, it does not effectively connect them to the expected output's emphasis on the memory leak, leading to a partial misalignment."
2026-08-21 04:25:25,local_only,qwen2.5:3b,qwen2.5vl:3b,A7,A - File/Log Analysis,file_agent,True,0.563,False,,3.48,0,0.0,0.0002796,1261,0.0,0,,,,DeepEval GEval (0.563),"The response correctly identifies that the ETL jobs report success and outlines the job run details, aligning with the first evaluation step. However, it fails to adequately address the discrepancy between the actual and expected outputs regarding the dashboard's static customer count, which is a critical aspect of the evaluation. While it mentions a warning about data freshness, it does not explicitly conclude that the ETL process is functioning correctly while the dashboard is not updating, wh"
2026-08-21 04:25:25,local_only,qwen2.5:3b,qwen2.5vl:3b,B1,B - Code Generation,code_agent,True,,False,,1.17,0,0.0,0.0,0,0.0,0,,,,automated (exec + function defined),
2026-08-21 04:25:25,local_only,qwen2.5:3b,qwen2.5vl:3b,B2,B - Code Generation,code_agent,True,,False,,0.72,0,0.0,0.0,0,0.0,0,,,,automated (exec + function defined),
2026-08-21 04:25:25,local_only,qwen2.5:3b,qwen2.5vl:3b,B3,B - Code Generation,code_agent,True,,False,,2.28,0,0.0,0.0,0,0.0,0,,,,automated (exec + function defined),
2026-08-21 04:25:25,local_only,qwen2.5:3b,qwen2.5vl:3b,B4,B - Code Generation,code_agent,True,,False,,0.69,0,0.0,0.0,0,0.0,0,,,,automated (exec + function defined),
2026-08-21 04:25:25,local_only,qwen2.5:3b,qwen2.5vl:3b,B5,B - Code Generation,code_agent,True,0.801,False,,0.97,0,0.0,0.00019035,807,0.0,0,,,,DeepEval GEval (0.801),"The SQL query correctly joins the orders and customers tables on customer_id, filters records for the year 2026, groups by country, and orders the results by total amount in descending order. However, it uses YEAR() for filtering instead of the more precise date range specified in the expected output, which could lead to potential issues with time zone or format discrepancies."
2026-08-21 04:25:25,local_only,qwen2.5:3b,qwen2.5vl:3b,C1,C - Planning,planning_agent,True,0.813,False,,8.04,0,0.0,0.00032655,1535,0.0,0,,,,DeepEval GEval (0.813),"The actual output provides a comprehensive breakdown of subtasks that align well with the goal of processing CSVs, cleaning data, and generating a summary report. It includes detailed steps for reading and validating CSV files, cleaning data, and generating a summary report, which are all necessary components. However, the output is more detailed than the expected output, which may indicate a slight misalignment in terms of conciseness and direct correspondence to the expected steps."
2026-08-21 04:25:25,local_only,qwen2.5:3b,qwen2.5vl:3b,C2,C - Planning,planning_agent,True,0.777,False,,13.89,0,0.0,0.00040275,2088,0.0,0,,,,DeepEval GEval (0.777),"The response provides a comprehensive plan that covers all four areas: database changes, backend, frontend, and testing. It logically follows the order of operations, starting with requirements gathering and database design before moving to backend and frontend development. However, while it includes deployment and user acceptance testing, it lacks explicit mention of protected routes and auth state handling in the frontend, which are critical elements in the expected output."
2026-08-21 04:25:25,local_only,qwen2.5:3b,qwen2.5vl:3b,C3,C - Planning,planning_agent,True,0.835,False,,8.52,0,0.0,0.0003486,1655,0.0,0,,,,DeepEval GEval (0.835),"The investigation plan follows a logical sequence, starting with data collection and error correlation, which aligns well with the evaluation steps. It systematically addresses potential causes, including performance monitoring, database impact, and user behavior analysis. However, while it covers many aspects, it lacks explicit checks for resource limits and database connections as outlined in the expected output, which slightly reduces its effectiveness. Overall, the clarity and order of the s"
2026-08-21 04:25:25,local_only,qwen2.5:3b,qwen2.5vl:3b,C4,C - Planning,planning_agent,False,0.236,False,,3.88,0,0.0,0.00024165,1128,0.0,0,,,,DeepEval GEval (0.236),"The response incorrectly assigns the first task to the File Agent instead of the Vision Agent, which is supposed to read the error screenshot. Additionally, the Document Agent is used for finding the stack trace instead of the File Agent, leading to a misalignment in the delegation order. The Code Agent is correctly placed last, but the overall sequence does not follow the specified order of Vision Agent, File Agent, and Code Agent."
2026-08-21 04:25:25,local_only,qwen2.5:3b,qwen2.5vl:3b,C5,C - Planning,planning_agent,True,0.918,False,,4.53,0,0.0,0.0002847,1265,0.0,0,,,,DeepEval GEval (0.918),"The Actual Output includes all essential components outlined in the Input, such as user authentication, database management, and error handling. Each component is well-defined with clear responsibilities. However, while the output covers a wide range of functionalities, it lacks explicit mention of the API routing layer, which is a critical component for mapping HTTP requests to handlers, slightly impacting the overall completeness."
2026-08-21 04:25:25,local_only,qwen2.5:3b,qwen2.5vl:3b,D1,D - Document Processing,document_agent,True,0.872,False,,1.24,0,0.0,0.00020265,823,0.0,0,,,,DeepEval GEval (0.872),"The actual output effectively summarizes key points about edge computing, including local processing, benefits such as reduced latency and enhanced privacy, and the challenge of limited computational resources. It aligns closely with the evaluation steps, although it is slightly longer than the expected 2-3 sentences, which prevents a perfect score."
2026-08-21 04:25:25,local_only,qwen2.5:3b,qwen2.5vl:3b,D2,D - Document Processing,document_agent,True,0.824,False,,3.75,0,0.0,0.000273,1202,0.0,0,,,,DeepEval GEval (0.824),"The Actual Output includes all required sections and provides accurate summaries for each, addressing key points such as growth, incidents, and cost savings. However, it lacks a mention of the spend increase, which is a critical detail in the Expected Output. Overall, the coherence and clarity are strong, but the omission of the spend detail prevents a perfect score."
2026-08-21 04:25:25,local_only,qwen2.5:3b,qwen2.5vl:3b,D3,D - Document Processing,document_agent,True,0.523,False,,2.18,0,0.0,0.00022515,964,0.0,0,,,,DeepEval GEval (0.523),"The response correctly identifies Sarah Okafor and NorthBridge Software Ltd., but it fails to include the date 8 July 2026, which is a critical requirement. Additionally, while the monetary figures are accurately represented, the presence of extra dates (Q1, Q2, Q3) detracts from the clarity of the output."
2026-08-21 04:25:25,local_only,qwen2.5:3b,qwen2.5vl:3b,D4,D - Document Processing,document_agent,True,1.0,False,,1.69,0,0.0,0.00022065,913,0.0,0,,,,DeepEval GEval (1.0),"The response fully aligns with the evaluation steps. The Input specifies a frequency of up to 3 days per week for remote work, which is correctly reflected in the Actual Output. The requirement to report lost equipment within 24 hours to IT Security is also met, and the core hours of 10:00 to 16:00 local time are accurately stated. All components are consistent and correctly referenced."
2026-08-21 04:25:25,local_only,qwen2.5:3b,qwen2.5vl:3b,D5,D - Document Processing,document_agent,True,0.877,False,,0.71,0,0.0,0.0002019,803,0.0,0,,,,DeepEval GEval (0.877),"The response correctly classifies the document as 'HR policy' and provides a strong justification by referencing key themes such as eligibility criteria, equipment provisions, and availability expectations, which align well with the expected output. However, it could have explicitly mentioned remote working rules to fully match the expected output's emphasis on that aspect."
2026-08-21 04:25:25,local_only,qwen2.5:3b,qwen2.5vl:3b,E1,E - Multimodal,multimodal_agent,True,0.558,False,,7.91,0,0.0,0.00026505,1188,0.0,0,,,,DeepEval GEval (0.558),"The Actual Output correctly identifies the error related to the command 'la' not being recognized, which aligns with the Input. However, while it provides several troubleshooting steps, many of them are generic and do not directly address the specific context of PowerShell as indicated in the Expected Output. The Expected Output succinctly suggests using 'ls' or 'Get-ChildItem -Force', which is a more concrete fix than the broader advice given in the Actual Output."
2026-08-21 04:25:25,local_only,qwen2.5:3b,qwen2.5vl:3b,E2,E - Multimodal,multimodal_agent,True,0.644,False,,3.42,0,0.0,0.0002217,941,0.0,0,,,,DeepEval GEval (0.644),"The response correctly identifies the tallest bar as Rich spending on Food, which aligns with the evaluation steps. However, it incorrectly states that the Rich class spends the most on housing, which contradicts the requirement that the Poor class does so. The description of spending patterns is somewhat accurate but lacks specific values, which are secondary but still relevant for a higher score."
2026-08-21 04:25:25,local_only,qwen2.5:3b,qwen2.5vl:3b,E3,E - Multimodal,multimodal_agent,True,0.682,False,,7.66,0,0.0,0.0003303,1611,0.0,0,,,,DeepEval GEval (0.682),"The output correctly identifies that the diagram compares v1 and v2 builds and names the three-layer structure: Cloud CEO, agent swarm, and evaluation layer. It also highlights key differences in v2, such as the introduction of a shared tool layer and specialized agents. However, it lacks a balanced comparison of both builds, as it does not explicitly mention agent-to-agent links and focuses more on the features of v2 without adequately addressing the limitations of v1."
2026-08-21 04:25:25,local_only,qwen2.5:3b,qwen2.5vl:3b,E4,E - Multimodal,multimodal_agent,True,1.0,False,,3.18,0,0.0,0.00024105,1082,0.0,0,,,,DeepEval GEval (1.0),"The CSV output matches the expected format perfectly, with exactly seven columns and ten student entries. Each cell value corresponds accurately to the expected values, with no discrepancies noted. The overall format is clean, with no extraneous comments or formatting issues."
2026-08-21 04:25:25,local_only,qwen2.5:3b,qwen2.5vl:3b,E5,E - Multimodal,multimodal_agent,True,0.58,False,,5.99,0,0.0,0.00029775,1370,0.0,0,,,,DeepEval GEval (0.58),"The response correctly identifies the exception type as KeyError and specifies that it occurs at line 15 in the quarter_total function. However, it fails to trace the root cause back to line 9 of SALES_DATA, missing the specific detail about the 'west' region lacking the 'q4' entry. While it provides a valid fix for the missing data issue, it does not address the underlying cause clearly, which affects the overall alignment with the evaluation steps."
2026-08-21 04:25:25,local_only,qwen2.5:3b,qwen2.5vl:3b,F1,F - Ambiguous,file_agent,True,0.895,False,,9.51,0,0.0,0.0003,1439,0.0,0,,,,DeepEval GEval (0.895),"The output provides a clear interpretation of the failure, identifying specific issues such as the connection problems with the cache service and the `NullPointerException`. It logically connects these issues to the deployment failure. The summary effectively encapsulates the problems encountered, and the recommendations are practical and relevant. However, it lacks explicit mention of any assumptions made during the interpretation, which slightly detracts from its completeness."
2026-08-21 04:25:25,local_only,qwen2.5:3b,qwen2.5vl:3b,F2,F - Ambiguous,code_agent,True,0.802,False,,0.84,0,0.0,0.0002112,850,0.0,0,,,,DeepEval GEval (0.802),"The Actual Output improves readability by changing '!= None' to 'is not None', which is more idiomatic in Python. The original behavior of the function is maintained, as it still filters and processes the input list correctly. However, the output lacks comments or documentation explaining the changes made, which would enhance clarity."
2026-08-21 04:25:25,local_only,qwen2.5:3b,qwen2.5vl:3b,F3,F - Ambiguous,planning_agent,False,0.493,False,,8.62,0,0.0,0.00028995,1447,0.0,0,,,,DeepEval GEval (0.493),"The output provides a detailed plan with structured steps for moving the project forward, which is a strength. However, it fails to acknowledge the lack of specific information in the request and does not state any assumptions based on the limited context provided. Additionally, there are no clarifying questions to gather more details from the requester, which limits the effectiveness of the response."
2026-08-21 04:25:25,local_only,qwen2.5:3b,qwen2.5vl:3b,F4,F - Ambiguous,document_agent,True,0.871,False,,4.58,0,0.0,0.0002286,1038,0.0,0,,,,DeepEval GEval (0.871),"The response effectively identifies and summarizes key issues in the report, such as the slight shortfall in availability against the target and the increase in infrastructure costs. It provides a clear interpretation of these issues, detailing specific incidents and their impacts, as well as outlining actionable steps for improvement. The only minor shortcoming is the lack of a more explicit connection between the rising costs and the identified issues, which could enhance clarity."
2026-08-21 04:25:25,local_only,qwen2.5:3b,qwen2.5vl:3b,F5,F - Ambiguous,document_agent,True,0.905,False,,2.41,0,0.0,0.0002133,894,0.0,0,,,,DeepEval GEval (0.905),"The response effectively identifies and summarizes key themes such as eligibility limits, security obligations, the 24-hour reporting rule, and core hours. It prioritizes these themes over less relevant information, providing a clear rationale for the selection of important elements. The summary is concise and focused, capturing essential points without extraneous details, which aligns well with the evaluation steps."
2026-08-21 04:25:25,local_only,qwen2.5:3b,qwen2.5vl:3b,G1,G - Complex Multi-Step,file_agent,True,0.711,False,,8.09,0,0.0,0.00030525,1498,0.0,0,,,,DeepEval GEval (0.711),"The response effectively identifies the REINDEX operation as a primary issue and traces the cascading failures through the services. However, it lacks specific mention of the ACCESS EXCLUSIVE lock and the exact timing of events, which are critical details in the expected output. While it captures the essence of the failures, it does not align perfectly with the expected output's structure and precision."
2026-08-21 04:25:25,local_only,qwen2.5:3b,qwen2.5vl:3b,G2,G - Complex Multi-Step,planning_agent,True,0.843,False,,5.22,0,0.0,0.00029805,1333,0.0,0,,,,DeepEval GEval (0.843),"The Actual Output effectively decomposes the feature into subtasks across backend, frontend, database, and testing, fulfilling the requirement of covering all four areas. It also provides a clear dependency order for each subtask, which aligns well with the evaluation steps. However, while the dependencies are present and mostly clear, there are some redundancies and potential confusion in the dependency statements, particularly with the repeated mention of database migration and schema adjustme"
2026-08-21 04:25:25,local_only,qwen2.5:3b,qwen2.5vl:3b,G3,G - Complex Multi-Step,code_agent,False,,False,,3.6,0,0.0,0.0,0,0.0,0,,,,"automated (exec failed: invalid syntax (<string>, line 2))",
2026-08-21 04:25:25,local_only,qwen2.5:3b,qwen2.5vl:3b,G4,G - Complex Multi-Step,file_agent,True,0.982,False,,5.28,0,0.0,0.0003045,1379,0.0,0,,,,DeepEval GEval (0.982),"The Actual Output correctly identifies the enrich stage as the source of the NULLs in the country join, explaining that rows with NULL customer_ids led to NULL country values. It also clarifies how the 'OK' status obscured the failure of the join for the majority of rows. Furthermore, the proposed fix includes sensible steps to handle NULL customer_ids and suggests implementing a validation gate, aligning well with the evaluation criteria. The response avoids blaming the aggregate or publish sta"
2026-08-21 04:25:25,local_only,qwen2.5:3b,qwen2.5vl:3b,G5,G - Complex Multi-Step,file_agent,True,0.8,False,,4.5,0,0.0,0.00029565,1338,0.0,0,,,,DeepEval GEval (0.8),"The Actual Output effectively identifies the connection pool issue and relates it to the observed timeouts and error rates, aligning well with the evaluation steps. It discusses the config values, particularly the timeout_ms setting, and provides a justified recommendation to increase pool_size, which addresses the identified problems. However, it lacks a mention of monitoring pool utilization post-change, which is included in the Expected Output, slightly reducing its alignment."
2026-08-21 04:25:25,local_only,qwen2.5:3b,qwen2.5vl:3b,G6,G - Complex Multi-Step,document_agent,True,0.684,False,,6.27,0,0.0,0.0003801,1730,0.0,0,,,,DeepEval GEval (0.684),"The output correctly identifies the January 2025 runbook as outdated and acknowledges that the June 2026 post-mortem supersedes it, mandating a paired migration rollback and DBA approval for releases 4.2 and later. It concludes that Alice's plan is unsafe due to her reliance on the outdated runbook and her rollback to 4.1 from a later release. However, while it provides a corrected procedure, it could more explicitly state that the post-mortem is the authoritative source, which would strengthen "
2026-08-21 04:25:25,local_only,qwen2.5:3b,qwen2.5vl:3b,G7,G - Complex Multi-Step,file_agent,False,0.207,False,,8.55,0,0.0,0.00033585,1687,0.0,0,,,,DeepEval GEval (0.207),"The response incorrectly concludes that the two datasets describe related problems, despite the clear distinction in systems and failure signatures outlined in the expected output. The analysis fails to recognize that the metrics CSV indicates a memory leak in the API service, while the ETL log shows successful operations without issues. Additionally, the timestamps and contexts do not support a causal link, which the actual output overlooks."
2026-08-21 04:25:25,local_only,qwen2.5:3b,qwen2.5vl:3b,G8,G - Complex Multi-Step,code_agent,True,,False,,5.28,0,0.0,0.0,0,0.0,0,,,,automated (exec + function defined),
2026-08-21 04:29:49,cloud_only,gpt-4o-mini,qwen2.5vl:3b,A1,A - File/Log Analysis,file_agent,True,0.775,False,,2.09,1,0.003663,0.00022215,938,1.212,0,,,,DeepEval GEval (0.775),"The Actual Output effectively identifies ERROR-level log lines related to cache connection failures and payment processing timeouts, aligning well with the Input. It provides a comprehensive summary of the root causes, although it could be more concise. The Expected Output is slightly more focused on the cascading nature of the failures, which the Actual Output touches upon but does not emphasize as clearly."
2026-08-21 04:29:49,cloud_only,gpt-4o-mini,qwen2.5vl:3b,A2,A - File/Log Analysis,file_agent,True,0.932,False,,1.14,1,0.002712,0.00019275,820,0.906,0,,,,DeepEval GEval (0.932),"The Actual Output explicitly mentions OutOfMemoryError as the crash point and connects it to leaked database connections, detailing how the connection pool was full due to connections not being returned. It also discusses rising heap usage, noting it reached 92% before the crash, which aligns perfectly with the Expected Output's points."
2026-08-21 04:29:49,cloud_only,gpt-4o-mini,qwen2.5vl:3b,A3,A - File/Log Analysis,file_agent,False,0.331,False,,3.33,1,0.002623,0.00027375,1171,0.196,0,,,,DeepEval GEval (0.331),"The Actual Output identifies two anomalies (09:20 and 09:25) but fails to include the required anomaly at 09:15 for cpu_pct, which is a critical shortcoming. Additionally, it incorrectly flags the 09:25 row for disk_io_mbps instead of response_ms, leading to confusion. While it correctly identifies one anomaly, the failure to capture all three specified anomalies and the mislabeling significantly impacts the overall accuracy."
2026-08-21 04:29:49,cloud_only,gpt-4o-mini,qwen2.5vl:3b,A4,A - File/Log Analysis,file_agent,True,0.681,False,,2.25,1,0.003162,0.0002322,939,1.212,0,,,,DeepEval GEval (0.681),"The Actual Output captures most key events, including the cache service failure, NullPointerException, and payment timeout, which are accurately reflected. However, it lacks a bullet point on scheduled backup and health checks, which affects the completeness of the summary. Additionally, the order of events and phrasing differ slightly from the Expected Output, impacting clarity."
2026-08-21 04:29:49,cloud_only,gpt-4o-mini,qwen2.5vl:3b,A5,A - File/Log Analysis,file_agent,True,0.59,False,,2.78,1,0.003845,0.0002397,1067,1.212,0,,,,DeepEval GEval (0.59),"The Actual Output is valid JSON and contains the required fields 'timestamp' and 'message'. However, it is missing the error event 'cache connection failure' and does not include the 'payment timeout' in the expected format, as it describes a timeout but does not match the exact wording. This results in a partial alignment with the evaluation steps."
2026-08-21 04:29:49,cloud_only,gpt-4o-mini,qwen2.5vl:3b,A6,A - File/Log Analysis,file_agent,True,0.79,False,,5.36,1,0.004846,0.00035475,1639,0.434,0,,,,DeepEval GEval (0.79),"The response effectively identifies the benign nature of the CPU spikes during the nightly backup window and correctly highlights the sustained degradation starting from 03:15, including increases in memory, error rate, and latency. However, it could improve by explicitly stating that the CPU spike is not flagged as a problem, which is a key detail in the evaluation steps. Overall, it aligns well with the expected output but lacks some clarity on the correlation of trends."
2026-08-21 04:29:49,cloud_only,gpt-4o-mini,qwen2.5vl:3b,A7,A - File/Log Analysis,file_agent,True,0.873,False,,4.31,1,0.005357,0.00028185,1339,1.377,0,,,,DeepEval GEval (0.873),"The response accurately identifies the problem with the dashboard not reflecting the updated customer count despite successful ETL jobs, aligning well with the evaluation steps. It correctly notes the rising record counts and the unchanged dashboard metric, indicating a silent failure. However, it could have explicitly stated that the conclusion drawn is poor due to the dashboard's failure to update, which would have strengthened the evaluation further."
2026-08-21 04:29:49,cloud_only,gpt-4o-mini,qwen2.5vl:3b,B1,B - Code Generation,code_agent,True,,False,,0.97,1,0.000699,0.0,0,0.073,0,,,,automated (exec + function defined),
2026-08-21 04:29:49,cloud_only,gpt-4o-mini,qwen2.5vl:3b,B2,B - Code Generation,code_agent,True,,False,,0.77,1,0.000831,0.0,0,0.0,0,,,,automated (exec + function defined),
2026-08-21 04:29:49,cloud_only,gpt-4o-mini,qwen2.5vl:3b,B3,B - Code Generation,code_agent,True,,False,,1.65,1,0.001237,0.0,0,0.0,0,,,,automated (exec + function defined),
2026-08-21 04:29:49,cloud_only,gpt-4o-mini,qwen2.5vl:3b,B4,B - Code Generation,code_agent,True,,False,,0.74,1,0.001084,0.0,0,0.0,0,,,,automated (exec + function defined),
2026-08-21 04:29:49,cloud_only,gpt-4o-mini,qwen2.5vl:3b,B5,B - Code Generation,code_agent,True,0.797,False,,0.96,1,0.000721,0.000186,793,0.0,0,,,,DeepEval GEval (0.797),"The SQL query correctly joins the orders and customers tables on customer_id, filters records for the year 2026, groups results by country, and orders by total amount in descending order. However, it uses YEAR() for filtering instead of a range condition, which is less precise than the expected output's method of specifying the date range."
2026-08-21 04:29:49,cloud_only,gpt-4o-mini,qwen2.5vl:3b,C1,C - Planning,planning_agent,True,0.724,False,,5.89,1,0.00352,0.0002988,1359,0.088,0,,,,DeepEval GEval (0.724),"The actual output provides a comprehensive breakdown of the task into detailed subtasks, covering aspects such as defining requirements, setting up the environment, and testing. However, it includes additional steps like data transformation and documentation that are not explicitly mentioned in the expected output. While it effectively addresses the main goals of reading, cleaning, and generating a summary report, the extra steps may detract from the alignment with the expected output's simplici"
2026-08-21 04:29:49,cloud_only,gpt-4o-mini,qwen2.5vl:3b,C2,C - Planning,planning_agent,True,0.849,False,,6.34,1,0.004664,0.0003426,1630,0.155,0,,,,DeepEval GEval (0.849),"The response provides a comprehensive plan that covers all four areas: backend, database, frontend, and testing. The order of implementation is mostly followed, starting with backend tasks, then database changes, followed by frontend integration, and finally testing. However, the actual output includes additional deployment steps that were not part of the expected output, which slightly deviates from the specified order and focus. Overall, the response is detailed and aligns well with the evalua"
2026-08-21 04:29:49,cloud_only,gpt-4o-mini,qwen2.5vl:3b,C3,C - Planning,planning_agent,True,0.865,False,,8.79,1,0.00495,0.00035175,1691,0.149,0,,,,DeepEval GEval (0.865),"The response provides a comprehensive and logical investigation plan that closely aligns with the expected output. It begins with log analysis and request tracking, which is essential for identifying patterns in the errors. The systematic approach to monitoring system resources and reviewing application code addresses potential causes effectively. Additionally, the inclusion of load and stress testing aligns well with the need to reproduce issues under specific conditions. However, while it cove"
2026-08-21 04:29:49,cloud_only,gpt-4o-mini,qwen2.5vl:3b,C4,C - Planning,planning_agent,True,0.974,False,,2.53,1,0.001793,0.0002079,960,0.129,0,,,,DeepEval GEval (0.974),"The delegation order is correct, with the vision agent first, followed by the file agent, and the code agent last. Each agent is assigned a task that aligns with their capabilities, ensuring efficient handling of the subtasks. The optional document agent is appropriately included at the end, which does not disrupt the required sequence."
2026-08-21 04:29:49,cloud_only,gpt-4o-mini,qwen2.5vl:3b,C5,C - Planning,planning_agent,True,0.766,False,,2.89,1,0.001865,0.00027105,1135,0.104,0,,,,DeepEval GEval (0.766),"The Actual Output includes all essential components such as API Gateway, Authentication Middleware, Database Layer, and Business Logic Layer, each with clear responsibilities. However, it lacks a direct mention of the data access layer's role in mediating database queries, which is emphasized in the Expected Output. The presence of the DAO is a good addition, but it does not fully align with the expected structure, slightly impacting the completeness of the response."
2026-08-21 04:29:49,cloud_only,gpt-4o-mini,qwen2.5vl:3b,D1,D - Document Processing,document_agent,True,0.905,False,,1.04,1,0.001716,0.000183,764,1.084,0,,,,DeepEval GEval (0.905),"The actual output effectively summarizes the key points of edge computing, mentioning local processing as a core concept and identifying benefits such as reduced latency and enhanced privacy. It also addresses the challenge of limited computational resources, aligning closely with the expected output while providing additional relevant details."
2026-08-21 04:29:49,cloud_only,gpt-4o-mini,qwen2.5vl:3b,D2,D - Document Processing,document_agent,True,0.703,False,,2.57,1,0.003047,0.00026295,1090,1.365,0,,,,DeepEval GEval (0.703),"The Actual Output includes all required sections and provides a one-line summary for each, accurately reflecting the content of the Input. However, there are discrepancies in the details compared to the Expected Output, particularly in the Reliability section where specific incidents are not mentioned, and in the Cost Optimisation section where the timing of the automated shutdown implementation is unclear. Overall, while the summaries capture the main points, they lack some critical specifics t"
2026-08-21 04:29:49,cloud_only,gpt-4o-mini,qwen2.5vl:3b,D3,D - Document Processing,document_agent,True,0.594,False,,1.35,1,0.00253,0.00022635,915,1.365,0,,,,DeepEval GEval (0.594),"The response correctly includes 'Sarah Okafor' and 'NorthBridge Software Ltd', fulfilling two of the evaluation criteria. However, while it lists most specified dates, it includes 'Q2 2026', 'Q1 2026', and 'Q3', which are not part of the required dates. The monetary figures are accurately represented, but the inclusion of extra dates detracts from the overall alignment with the expected output."
2026-08-21 04:29:49,cloud_only,gpt-4o-mini,qwen2.5vl:3b,D4,D - Document Processing,document_agent,True,1.0,False,,1.16,1,0.001623,0.00020955,839,0.794,0,,,,DeepEval GEval (1.0),"The response fully aligns with the evaluation steps. The Input specifies a frequency of up to 3 days per week for remote work, which is correctly reflected in the Actual Output. The requirement to report lost equipment to IT Security within 24 hours is also met, and the core hours of 10:00 to 16:00 local time are accurately stated. All components are consistent and correctly referenced."
2026-08-21 04:29:49,cloud_only,gpt-4o-mini,qwen2.5vl:3b,D5,D - Document Processing,document_agent,True,0.791,False,,0.82,1,0.001408,0.00019065,767,0.794,0,,,,DeepEval GEval (0.791),"The Actual Output correctly classifies the document as 'HR policy' and provides a justification that references key themes such as guidelines and eligibility criteria for remote working. However, it lacks detail on other aspects mentioned in the Expected Output, such as equipment and security obligations, which slightly reduces its alignment."
2026-08-21 04:29:49,cloud_only,gpt-4o-mini,qwen2.5vl:3b,E1,E - Multimodal,multimodal_agent,True,0.909,False,,3.56,1,0.005753,0.0002385,1053,0.025,0,,,,DeepEval GEval (0.909),"The response accurately identifies the error related to the unrecognized command 'la' in PowerShell and provides a clear explanation of its Unix/Linux origin. It suggests multiple concrete fixes, including using 'Get-ChildItem -Force' and creating an alias, which aligns well with the expected output. However, it could have been slightly more concise in its explanation of the Unix alias context to enhance clarity."
2026-08-21 04:29:49,cloud_only,gpt-4o-mini,qwen2.5vl:3b,E2,E - Multimodal,multimodal_agent,True,0.935,False,,1.9,1,0.006721,0.00020865,923,0.015,0,,,,DeepEval GEval (0.935),"The Actual Output correctly identifies the tallest bar as Rich spending on Food and states that the Poor class spends the most on Housing. It also accurately describes the spending patterns between the classes, highlighting the differences without introducing any incorrect categories or invented values."
2026-08-21 04:29:49,cloud_only,gpt-4o-mini,qwen2.5vl:3b,E3,E - Multimodal,multimodal_agent,True,0.943,False,,7.3,1,0.006732,0.0002907,1389,0.017,0,,,,DeepEval GEval (0.943),"The output clearly states that the diagram compares v1 current and v2 target builds. It accurately names the three-layer structure: Cloud CEO, agent swarm, and evaluation layer. Additionally, it identifies key differences in v2, including specialist models per agent, a shared tool layer, and links between agents. The response comprehensively covers both builds without omitting any critical details."
2026-08-21 04:29:49,cloud_only,gpt-4o-mini,qwen2.5vl:3b,E4,E - Multimodal,multimodal_agent,True,1.0,False,,1.73,1,0.007155,0.00024405,1087,0.02,0,,,,DeepEval GEval (1.0),"The CSV output perfectly matches the expected format, including the correct seven columns and exactly ten student entries. Each cell value aligns with the corresponding values in the expected output, with no transposed columns or misread numbers. The overall format is clean, with no extraneous comments or characters present."
2026-08-21 04:29:49,cloud_only,gpt-4o-mini,qwen2.5vl:3b,E5,E - Multimodal,multimodal_agent,True,0.799,False,,3.46,1,0.007887,0.000309,1367,0.022,0,,,,DeepEval GEval (0.799),"The response correctly identifies the KeyError and specifies that it is raised at line 15 in the quarter_total function. However, it inaccurately attributes the missing 'q4' key to the 'north' region instead of the 'west' region, which is the actual source of the error. The suggested fix for the 'north' region does not address the underlying issue in the 'west' region, although it does provide a valid approach to correcting the data. Overall, the response is mostly aligned with the evaluation st"
2026-08-21 04:29:49,cloud_only,gpt-4o-mini,qwen2.5vl:3b,F1,F - Ambiguous,file_agent,True,0.925,False,,3.13,1,0.004472,0.0002421,1050,1.212,0,,,,DeepEval GEval (0.925),"The output provides a clear interpretation of the failure, detailing specific issues from the log such as the cache connection failure and the `NullPointerException`. It identifies plausible causes for the failure and logically connects them to the overall deployment issue. The summary effectively encapsulates the main points without ambiguity. However, it lacks explicit mention of any assumptions made during the interpretation, which slightly detracts from its completeness."
2026-08-21 04:29:49,cloud_only,gpt-4o-mini,qwen2.5vl:3b,F2,F - Ambiguous,code_agent,True,0.975,False,,1.93,1,0.001144,0.00021285,885,0.0,0,,,,DeepEval GEval (0.975),"The output effectively addresses the input request by providing a clear and idiomatic Python implementation using a list comprehension, enhancing readability. It maintains the original functionality of the code, ensuring that only positive, non-None values are doubled. The documentation clearly outlines the changes made, explaining the rationale behind each improvement, which aligns perfectly with the evaluation steps."
2026-08-21 04:29:49,cloud_only,gpt-4o-mini,qwen2.5vl:3b,F3,F - Ambiguous,planning_agent,True,0.755,False,,4.49,1,0.002519,0.0002271,1064,0.127,0,,,,DeepEval GEval (0.755),"The output provides a structured framework for moving forward, outlining steps to assess the current state, identify roadblocks, and set clear goals. However, it does not explicitly acknowledge the lack of information in the request or state any assumptions made, which slightly detracts from its alignment with the evaluation steps."
2026-08-21 04:29:49,cloud_only,gpt-4o-mini,qwen2.5vl:3b,F4,F - Ambiguous,document_agent,True,0.838,False,,4.43,1,0.004301,0.00024585,1126,1.365,0,,,,DeepEval GEval (0.838),"The Actual Output effectively identifies several critical observations from the report, such as the slight shortfall in availability, lack of incident details, and unclear cost breakdowns. It provides a clear interpretation of these issues, suggesting potential impacts on user experience and accountability. However, while it summarizes the findings well, it could enhance clarity by offering more specific recommendations or insights on how to address the identified shortcomings."
2026-08-21 04:29:49,cloud_only,gpt-4o-mini,qwen2.5vl:3b,F5,F - Ambiguous,document_agent,True,0.896,False,,2.12,1,0.002123,0.00023805,933,0.794,0,,,,DeepEval GEval (0.896),"The Actual Output effectively captures key themes from the Input, including eligibility limits for remote work, security obligations, and the requirement to report lost equipment within 24 hours. It prioritizes these important points over less relevant information, providing a clear and concise summary. The rationale for including specific details, such as the need for line manager approval for part-time employees and the core hours for availability, enhances the overall comprehensiveness of the"
2026-08-21 04:29:49,cloud_only,gpt-4o-mini,qwen2.5vl:3b,G1,G - Complex Multi-Step,file_agent,True,0.903,False,,6.33,1,0.011248,0.0003174,1507,3.872,0,,,,DeepEval GEval (0.903),"The response effectively identifies the database reindexing operation as the root cause of the failures, correlating the timestamps and events across the three service logs. It accurately describes the cascading effects from the lock on the inventory database to connection pool exhaustion in the order-service and subsequent timeouts in the api-gateway, aligning closely with the expected output. However, it could have explicitly mentioned the connection pool size of 20 to fully match the expected"
2026-08-21 04:29:49,cloud_only,gpt-4o-mini,qwen2.5vl:3b,G2,G - Complex Multi-Step,planning_agent,True,0.814,False,,4.82,1,0.003449,0.0002805,1348,0.153,0,,,,DeepEval GEval (0.814),"The Actual Output effectively decomposes the feature into subtasks across backend, frontend, database, and testing, covering all required areas. It also articulates dependencies clearly for each subtask, aligning well with the Input. However, while the output is comprehensive, it could be more concise in presenting the dependencies, as some subtasks have similar dependency statements that could be streamlined."
2026-08-21 04:29:49,cloud_only,gpt-4o-mini,qwen2.5vl:3b,G3,G - Complex Multi-Step,code_agent,True,,False,,3.23,1,0.001898,0.0,0,0.0,0,,,,automated (exec + function defined),
2026-08-21 04:29:49,cloud_only,gpt-4o-mini,qwen2.5vl:3b,G4,G - Complex Multi-Step,file_agent,True,0.869,False,,3.42,1,0.003366,0.00025965,1194,0.858,0,,,,DeepEval GEval (0.869),"The Actual Output correctly identifies the enrich stage as the source of the NULL values and explains the impact on the revenue aggregation. It also proposes a sensible fix by investigating the source of NULLs and implementing data validation. However, it could have explicitly mentioned the need for a failure condition for NULL-country thresholds, which was highlighted in the Expected Output."
2026-08-21 04:29:49,cloud_only,gpt-4o-mini,qwen2.5vl:3b,G5,G - Complex Multi-Step,file_agent,True,0.775,False,,3.46,1,0.005676,0.0003072,1340,1.835,0,,,,DeepEval GEval (0.775),"The response effectively identifies the 502 error spike and connects it to database pool exhaustion and query timeouts, addressing the core issues. It discusses the config settings of `pool_size` and `timeout_ms`, noting their contributions to the problem. However, while it recommends increasing the `timeout_ms`, it lacks a direct recommendation to increase `pool_size`, which is crucial for addressing the identified issues holistically. Overall, it demonstrates a strong understanding of the inte"
2026-08-21 04:29:49,cloud_only,gpt-4o-mini,qwen2.5vl:3b,G6,G - Complex Multi-Step,document_agent,True,0.952,False,,4.43,1,0.00396,0.00033075,1506,1.098,0,,,,DeepEval GEval (0.952),"The output correctly identifies the January 2025 runbook as outdated and acknowledges the June 2026 post-mortem as the authoritative source that mandates a paired migration rollback and DBA approval for releases 4.2 and later. It concludes that Alice's plan is UNSAFE due to her reliance on the outdated runbook and provides a corrected procedure that aligns with the post-mortem guidelines, ensuring both application code and database schema are synchronized."
2026-08-21 04:29:49,cloud_only,gpt-4o-mini,qwen2.5vl:3b,G7,G - Complex Multi-Step,file_agent,False,0.214,False,,6.09,1,0.008046,0.00034065,1638,1.887,0,,,,DeepEval GEval (0.214),"The response incorrectly concludes that the two datasets describe related problems, despite the evaluation steps emphasizing the need for independence. While it identifies some performance issues in the API service and mentions overlapping times, it fails to adequately demonstrate that the problems are unrelated, as required. The analysis does not sufficiently support the independence of the failure signatures or the distinct nature of the systems involved, leading to a significant misalignment "
2026-08-21 04:29:49,cloud_only,gpt-4o-mini,qwen2.5vl:3b,G8,G - Complex Multi-Step,code_agent,False,,False,,5.09,1,0.003746,0.0,0,0.0,0,,,,automated (exec failed: ),
2026-08-25 02:02:37,v2_local,qwen2.5:3b,specialist,qwen2.5vl:3b,A1,A - File/Log Analysis,file_agent,False,0.417,False,,20.1,0,0.0,0.0002208,866,0.0,2,read_file|read_file|write_file,qwen2.5:7b,False,DeepEval GEval (0.417),"The Actual Output mentions issues related to unreliable external services, which aligns with the general theme of the Expected Output. However, it fails to specifically identify the ERROR-level log lines such as the cache service connection failure and the payment processing timeout, which are crucial for a complete assessment. The root cause summary is vague and does not directly address the specific errors listed in the Expected Output."
2026-08-25 02:02:37,v2_local,qwen2.5:3b,specialist,qwen2.5vl:3b,A2,A - File/Log Analysis,file_agent,True,0.796,False,,8.68,0,0.0,0.0002031,853,0.0,2,read_file|read_file,qwen2.5:7b,False,DeepEval GEval (0.796),"The Actual Output correctly identifies the OutOfMemoryError and connects it to increasing heap usage, which aligns with the evaluation steps. However, while it mentions database connections not being returned, it lacks the explicit connection to the resource leak as a primary cause, which is emphasized in the Expected Output. This omission prevents a perfect score despite strong overall alignment."
2026-08-25 02:02:37,v2_local,qwen2.5:3b,specialist,qwen2.5vl:3b,A3,A - File/Log Analysis,file_agent,False,0.253,False,,25.1,0,0.0,0.0002736,1170,0.0,2,list_files|read_file|list_files|read_file,qwen2.5:7b,False,DeepEval GEval (0.253),"The Actual Output identifies some anomalies, but it fails to include the three specific anomalous rows required: 09:15 (cpu_pct 88), 09:20 (disk_io_mbps 95), and 09:25 (response_ms 940). Only one of the flagged rows matches the expected anomalies, and it incorrectly flags Row 4, which is not part of the expected output. This indicates a significant misalignment with the evaluation steps."
2026-08-25 02:02:37,v2_local,qwen2.5:3b,specialist,qwen2.5vl:3b,A4,A - File/Log Analysis,file_agent,False,0.431,False,,15.31,0,0.0,0.0002316,995,0.0,2,list_files|read_file|list_files|read_file,qwen2.5:7b,False,DeepEval GEval (0.431),"The Actual Output includes relevant events but misses key details such as the NullPointerException in OrderService and the scheduled backup completion. While it summarizes some operationally important events, it does not fully align with the Expected Output, particularly in terms of capturing all specified key events and their details."
2026-08-25 02:02:37,v2_local,qwen2.5:3b,specialist,qwen2.5vl:3b,A5,A - File/Log Analysis,file_agent,False,0.454,False,,96.31,0,0.0,0.0002514,1112,0.0,2,list_files|read_file|write_file|write_file|write_file|write_file|write_file|list_files|read_file|write_file|write_file|write_file,qwen2.5:7b,False,DeepEval GEval (0.454),"The Actual Output is a valid JSON format and contains the required fields 'timestamp' and 'message' in each object. However, it is missing one specified error event: 'cache connection failure', which is present in the Expected Output. Additionally, the Actual Output does not match the Expected Output in terms of content, as it lacks the specific error message regarding the cache connection failure."
2026-08-25 02:02:37,v2_local,qwen2.5:3b,specialist,qwen2.5vl:3b,A6,A - File/Log Analysis,file_agent,True,0.615,False,,38.0,0,0.0,0.0003444,1609,0.0,2,list_files|read_file|list_files|read_file,qwen2.5:7b,False,DeepEval GEval (0.615),"The response identifies the CPU spike at 02:30 as a potential anomaly, which contradicts the evaluation step that requires it to be dismissed as benign. While it correctly notes the benign nature of the memory usage and latency spikes during the backup window, it fails to highlight the sustained issues starting from 03:15 as the real problem, which is a key requirement. The expected output's focus on the memory leak trend is not adequately reflected in the actual output."
2026-08-25 02:02:37,v2_local,qwen2.5:3b,specialist,qwen2.5vl:3b,A7,A - File/Log Analysis,file_agent,True,0.755,False,,23.38,0,0.0,0.0002748,1241,0.0,2,list_files|read_file|read_file,qwen2.5:7b,False,DeepEval GEval (0.755),"The response effectively identifies the potential silent failure in the ETL process, noting the unchanged customer count despite successful job runs and increasing record counts. It aligns well with the evaluation steps by recognizing the discrepancy between the actual and expected outputs. However, it could have more explicitly stated the misleading nature of the ETL success messages in relation to the downstream dashboard issue, which would strengthen the conclusion."
2026-08-25 02:02:37,v2_local,qwen2.5:3b,specialist,qwen2.5vl:3b,B1,B - Code Generation,code_agent,True,,False,,5.25,0,0.0,0.0,0,0.0,1,,qwen2.5-coder:7b,True,automated (exec + function defined),
2026-08-25 02:02:37,v2_local,qwen2.5:3b,specialist,qwen2.5vl:3b,B2,B - Code Generation,code_agent,True,,False,,1.88,0,0.0,0.0,0,0.0,1,,qwen2.5-coder:7b,True,"automated (exec ok, no function defined)",
2026-08-25 02:02:37,v2_local,qwen2.5:3b,specialist,qwen2.5vl:3b,B3,B - Code Generation,code_agent,True,,False,,12.89,0,0.0,0.0,0,0.0,2,,qwen2.5-coder:7b,False,automated (exec + function defined),
2026-08-25 02:02:37,v2_local,qwen2.5:3b,specialist,qwen2.5vl:3b,B4,B - Code Generation,code_agent,True,,False,,2.6,0,0.0,0.0,0,0.0,1,,qwen2.5-coder:7b,True,"automated (exec ok, no function defined)",
2026-08-25 02:02:37,v2_local,qwen2.5:3b,specialist,qwen2.5vl:3b,B5,B - Code Generation,code_agent,True,0.778,False,,1.75,0,0.0,0.0001857,791,0.0,1,,qwen2.5-coder:7b,True,DeepEval GEval (0.778),"The SQL query correctly joins the orders and customers tables on customer_id, filters records for the year 2026, groups results by country, and orders by total amount in descending order. However, it uses YEAR() function for filtering instead of a range condition, which is less efficient and does not align perfectly with the expected output format."
2026-08-25 02:02:37,v2_local,qwen2.5:3b,specialist,qwen2.5vl:3b,C1,C - Planning,planning_agent,True,0.784,False,,17.13,0,0.0,0.00031605,1471,0.0,1,,qwen2.5:7b,True,DeepEval GEval (0.784),"The actual output effectively breaks down the goal into logical subtasks, covering all necessary steps such as reading CSV files, cleaning data, and generating a summary report. However, it includes additional steps like defining requirements and setting up the environment, which, while useful, are not explicitly required by the expected output. The output is coherent and follows a logical order, but the extra steps slightly detract from its alignment with the expected output."
2026-08-25 02:02:37,v2_local,qwen2.5:3b,specialist,qwen2.5vl:3b,C2,C - Planning,planning_agent,True,0.791,False,,36.95,0,0.0,0.0003282,1552,0.0,2,,qwen2.5:7b,False,DeepEval GEval (0.791),"The response provides a comprehensive task breakdown that covers all four areas: backend, frontend, database, and testing. It logically follows the order of operations, addressing database changes after backend development and before frontend integration. However, while the output is detailed, it includes a deployment step that is not part of the expected output, which slightly deviates from the specified criteria. Overall, the alignment with the expected output is strong, but the inclusion of u"
2026-08-25 02:02:37,v2_local,qwen2.5:3b,specialist,qwen2.5vl:3b,C3,C - Planning,planning_agent,True,0.833,False,,45.98,0,0.0,0.0003657,1853,0.0,2,,qwen2.5:7b,False,DeepEval GEval (0.833),"The response provides a comprehensive step-by-step investigation plan that aligns well with the expected output, particularly in gathering logs and checking resource usage. However, it lacks explicit correlation of failures by endpoint, worker process, and request payload, which is a key aspect of the expected output. Additionally, while it mentions testing in isolation, it does not clearly articulate forming a hypothesis based on the findings, which is crucial for hypothesis testing."
2026-08-25 02:02:37,v2_local,qwen2.5:3b,specialist,qwen2.5vl:3b,C4,C - Planning,planning_agent,True,0.583,False,,23.68,0,0.0,0.0002694,1247,0.0,2,,qwen2.5:7b,False,DeepEval GEval (0.583),"The response correctly assigns the Vision Agent first and the File Agent second, following the required sequence. However, it introduces a Document Agent for review, which is not part of the expected output and disrupts the order by assigning a task to the Code Agent twice, once for writing the patch and again for deployment. This deviation from the specified agent roles and order affects the overall alignment with the evaluation criteria."
2026-08-25 02:02:37,v2_local,qwen2.5:3b,specialist,qwen2.5vl:3b,C5,C - Planning,planning_agent,True,0.811,False,,35.04,0,0.0,0.00033,1540,0.0,2,,qwen2.5:7b,False,DeepEval GEval (0.811),"The Actual Output includes all essential components such as API Gateway, Authentication Service, Database Layer, and Middleware, with clear responsibilities defined for each. However, it lacks explicit mention of an 'Auth middleware' for validating tokens on protected routes, which is a critical aspect of user authentication. This omission slightly impacts the overall completeness of the response, but the presence of other components compensates for it."
2026-08-25 02:02:37,v2_local,qwen2.5:3b,specialist,qwen2.5vl:3b,D1,D - Document Processing,document_agent,True,0.873,False,,7.02,0,0.0,0.0001995,808,0.0,2,read_file|read_file,qwen2.5:3b,False,DeepEval GEval (0.873),"The actual output effectively summarizes key points about edge computing, including local processing, benefits like reduced latency and privacy, and challenges related to limited computational resources. It aligns closely with the input document's content, although it could be slightly more concise to match the expected output format better."
2026-08-25 02:02:37,v2_local,qwen2.5:3b,specialist,qwen2.5vl:3b,D2,D - Document Processing,document_agent,True,0.676,False,,15.25,0,0.0,0.0002583,1119,0.0,2,read_file|write_file|read_file|write_file,qwen2.5:3b,False,DeepEval GEval (0.676),"The Actual Output includes all four required sections and provides a one-line summary for each, accurately reflecting the content of the Input. However, it fails to mention specific key points from the Expected Output, such as the overall spend increase and the missed availability target, which are critical for a complete assessment. This results in some discrepancies between the Actual and Expected Outputs, particularly in the Reliability and Overview sections."
2026-08-25 02:02:37,v2_local,qwen2.5:3b,specialist,qwen2.5vl:3b,D3,D - Document Processing,document_agent,False,0.357,False,,14.5,0,0.0,0.0002208,932,0.0,2,read_file|read_file|write_file|read_file|write_file|write_file,qwen2.5:3b,False,DeepEval GEval (0.357),"The response includes 'NorthBridge Software Ltd' but fails to mention 'Sarah Okafor' and does not list all specified dates, particularly missing 'August 2026'. Additionally, while £142,000 is correctly represented, £8,500 is absent from the monetary figures. These shortcomings significantly impact the overall alignment with the evaluation steps."
2026-08-25 02:02:37,v2_local,qwen2.5:3b,specialist,qwen2.5vl:3b,D4,D - Document Processing,document_agent,True,1.0,False,,1.76,0,0.0,0.0001941,805,0.0,1,read_file,qwen2.5:3b,True,DeepEval GEval (1.0),"The Actual Output fully aligns with the evaluation steps. It correctly states that a full-time employee can work remotely up to 3 days per week, responds within the required 24 hours for reporting lost equipment to IT Security, and accurately reflects the core hours of 10:00 to 16:00 local time. Each point matches the expectations set in the test case parameters."
2026-08-25 02:02:37,v2_local,qwen2.5:3b,specialist,qwen2.5vl:3b,D5,D - Document Processing,document_agent,True,0.985,False,,4.87,0,0.0,0.00018885,782,0.0,2,read_file|read_file,qwen2.5:3b,False,DeepEval GEval (0.985),"The Actual Output correctly classifies the document as an HR policy and provides a strong justification that directly references key themes from the Input, such as eligibility criteria for remote work, equipment provisions, and availability requirements, which align perfectly with the Expected Output."
2026-08-25 02:02:37,v2_local,qwen2.5:3b,specialist,qwen2.5vl:3b,E1,E - Multimodal,multimodal_agent,True,0.589,False,,9.27,0,0.0,0.00028545,1234,0.0,1,,qwen2.5vl:3b,,DeepEval GEval (0.589),"The Actual Output correctly identifies the error related to the unrecognized command 'la' and provides a detailed analysis of potential causes. However, the suggested fixes are somewhat generic and do not directly address the specific context of PowerShell, as highlighted in the Expected Output. While it mentions using 'Get-ChildItem', it lacks the clarity and directness of the Expected Output, which explicitly states the Unix alias context and provides a concrete fix. Overall, the response is i"
2026-08-25 02:02:37,v2_local,qwen2.5:3b,specialist,qwen2.5vl:3b,E2,E - Multimodal,multimodal_agent,True,0.778,False,,3.49,0,0.0,0.0002322,966,0.0,1,,qwen2.5vl:3b,,DeepEval GEval (0.778),"The response correctly identifies the tallest bar as Rich spending on Food, which aligns with the evaluation steps. It also states that the Rich class spends the most on housing, which is incorrect; the Poor class should be identified as spending the most on housing. The description of spending patterns is accurate and provides a clear comparison between classes, but the error regarding housing spending affects the overall score."
2026-08-25 02:02:37,v2_local,qwen2.5:3b,specialist,qwen2.5vl:3b,E3,E - Multimodal,multimodal_agent,True,0.792,False,,7.89,0,0.0,0.0003327,1618,0.0,1,,qwen2.5vl:3b,,DeepEval GEval (0.792),"The Actual Output correctly identifies that the diagram compares v1 and v2 builds and names the three-layer structure: Cloud CEO, agent swarm, and evaluation layer. It also accurately states key differences in v2, such as the introduction of specialist models per agent and a shared tool layer. However, it lacks a balanced comparison of both builds, as it does not explicitly mention the absence of agent-to-agent links in v1, which could enhance the comparison."
2026-08-25 02:02:37,v2_local,qwen2.5:3b,specialist,qwen2.5vl:3b,E4,E - Multimodal,multimodal_agent,True,1.0,False,,3.35,0,0.0,0.00023865,1075,0.0,1,,qwen2.5vl:3b,,DeepEval GEval (1.0),"The CSV output matches the expected format perfectly, with exactly seven columns and ten student entries. Each cell value corresponds accurately to the values in the expected output, and there are no extraneous comments or characters present, ensuring the CSV structure is valid."
2026-08-25 02:02:37,v2_local,qwen2.5:3b,specialist,qwen2.5vl:3b,E5,E - Multimodal,multimodal_agent,True,0.567,False,,6.01,0,0.0,0.0002895,1357,0.0,1,,qwen2.5vl:3b,,DeepEval GEval (0.567),"The response correctly identifies the exception type as KeyError and specifies the line where it occurs. However, it fails to trace the underlying cause back to the SALES_DATA dictionary, missing the specific detail that the 'west' region lacks a q4 entry. While it provides a general fix for checking key existence, it does not address the specific missing data issue as outlined in the expected output."
2026-08-25 02:02:37,v2_local,qwen2.5:3b,specialist,qwen2.5vl:3b,F1,F - Ambiguous,file_agent,True,0.901,False,,29.38,0,0.0,0.00026595,1188,0.0,2,read_file|read_file,qwen2.5:7b,False,DeepEval GEval (0.901),"The output provides a clear interpretation of the failure, identifying specific issues with the cache service and payment processing. It logically connects these issues to the failure, addressing plausible causes from the log. The assumptions about the fallback to the database and the implications of the payment timeout are well articulated. However, while it effectively addresses the ambiguity of the request, a slight improvement could be made by explicitly stating any assumptions made during t"
2026-08-25 02:02:37,v2_local,qwen2.5:3b,specialist,qwen2.5vl:3b,F2,F - Ambiguous,code_agent,True,0.925,False,,4.7,0,0.0,0.0001896,793,0.0,1,,qwen2.5-coder:7b,True,DeepEval GEval (0.925),"The Actual Output effectively simplifies the function using a list comprehension, which enhances readability and follows idiomatic Python practices. The functionality remains unchanged, as it still filters out None and non-positive values while doubling the positive numbers. However, it lacks comments or documentation explaining the changes made during the cleanup, which would have provided additional clarity."
2026-08-25 02:02:37,v2_local,qwen2.5:3b,specialist,qwen2.5vl:3b,F3,F - Ambiguous,planning_agent,True,0.872,False,,35.76,0,0.0,0.0002703,1286,0.0,2,,qwen2.5:7b,False,DeepEval GEval (0.872),"The response provides a detailed and structured framework for moving the stalled project forward, addressing key aspects such as defining scope, identifying milestones, and prioritizing tasks. It effectively breaks down the process into actionable steps, which aligns well with the evaluation criteria. However, it lacks clarifying questions to address any assumptions made due to the vague input, which prevents it from achieving a perfect score."
2026-08-25 02:02:37,v2_local,qwen2.5:3b,specialist,qwen2.5vl:3b,F4,F - Ambiguous,document_agent,True,0.801,False,,20.79,0,0.0,0.0002193,1000,0.0,2,read_file|read_file,qwen2.5:3b,False,DeepEval GEval (0.801),"The output effectively identifies a legitimate issue with reliability, noting that the availability is slightly below the target, which aligns with the evaluation steps. It also provides a clear interpretation of the incidents and suggests monitoring for potential recurrence. However, while it mentions cost optimization opportunities, it lacks a more detailed analysis of the implications of these issues, which could enhance the clarity of the interpretation."
2026-08-25 02:02:37,v2_local,qwen2.5:3b,specialist,qwen2.5vl:3b,F5,F - Ambiguous,document_agent,True,0.882,False,,18.74,0,0.0,0.00021855,911,0.0,2,read_file|read_file,qwen2.5:3b,False,DeepEval GEval (0.882),"The Actual Output effectively captures key themes from the Input, including eligibility limits for remote work, security obligations regarding data protection, and the requirement to report incidents within 24 hours. It also addresses core hours for availability. The summary is comprehensive and avoids trivial details, although it could have included more about the rationale behind the eligibility criteria for part-time employees to enhance clarity."
2026-08-25 02:02:37,v2_local,qwen2.5:3b,specialist,qwen2.5vl:3b,G1,G - Complex Multi-Step,file_agent,True,0.881,False,,40.44,0,0.0,0.00030345,1426,0.0,2,list_files|read_file|read_file|read_file|list_files|read_file|read_file|read_file,qwen2.5:7b,True,DeepEval GEval (0.881),"The response effectively identifies the REINDEX operation as the root cause and traces the chain of failures through the three services. It accurately correlates the timing of the database lock with the connection pool exhaustion in the order-service and the subsequent 502 errors in the API gateway. However, while the analysis is thorough, it could benefit from a more explicit mention of the timestamps for each failure to enhance clarity and alignment with the evaluation steps."
2026-08-25 02:02:37,v2_local,qwen2.5:3b,specialist,qwen2.5vl:3b,G2,G - Complex Multi-Step,planning_agent,True,0.562,False,,20.04,0,0.0,0.0002724,1288,0.0,2,,qwen2.5:7b,False,DeepEval GEval (0.562),"The output includes a comprehensive breakdown of tasks across backend, frontend, and database, with clear dependencies for most items. However, it lacks alignment with the expected output in terms of task naming and the overall structure. For instance, the expected output emphasizes creating a users table first, while the actual output lists defining requirements as the first step. Additionally, some dependencies do not match the expected order, which affects clarity and completeness."
2026-08-25 02:02:37,v2_local,qwen2.5:3b,specialist,qwen2.5vl:3b,G3,G - Complex Multi-Step,code_agent,True,,False,,7.13,0,0.0,0.0,0,0.0,1,,qwen2.5-coder:7b,True,automated (exec + function defined),
2026-08-25 02:02:37,v2_local,qwen2.5:3b,specialist,qwen2.5vl:3b,G4,G - Complex Multi-Step,file_agent,False,0.387,False,,22.57,0,0.0,0.00029085,1267,0.0,2,list_files|read_file|list_files|read_file,qwen2.5:7b,False,DeepEval GEval (0.387),"The Actual Output identifies the `publish` and `aggregate` stages but fails to correctly pinpoint the `enrich` stage as the origin of the NULLs, which is a critical oversight. While it discusses the handling of NULL values and proposes a fix for the aggregation stage, it does not address the need to repair the join in the enrich stage or implement a validation gate, which are essential for a complete solution. Additionally, it does not clarify how the 'OK' status of the stages obscured the failu"
2026-08-25 02:02:37,v2_local,qwen2.5:3b,specialist,qwen2.5vl:3b,G5,G - Complex Multi-Step,file_agent,True,0.883,False,,31.38,0,0.0,0.000309,1403,0.0,2,list_files|read_file|read_file|read_file|list_files|read_file|read_file|read_file,qwen2.5:7b,False,DeepEval GEval (0.883),"The Actual Output effectively addresses the 502 spike at 09:14, linking it to database pool exhaustion and query timeouts. It analyzes the config settings, noting the pool size of 20 and timeout of 4000ms in relation to the issues observed. The recommendation to increase the pool size to 40 is justified based on the evidence of connection exhaustion and slow queries. However, it could have better integrated the inputs by explicitly connecting the recommendation to the specific spike incident men"
2026-08-25 02:02:37,v2_local,qwen2.5:3b,specialist,qwen2.5vl:3b,G6,G - Complex Multi-Step,document_agent,True,0.919,False,,21.76,0,0.0,0.00032115,1478,0.0,2,read_file|read_file,qwen2.5:3b,False,DeepEval GEval (0.919),"The output correctly identifies the January 2025 runbook as outdated and acknowledges that the June 2026 post-mortem supersedes it, mandating a paired migration rollback and DBA approval for releases 4.2 and later. It concludes that Alice's plan is UNSAFE due to her reliance on the outdated runbook and provides a corrected procedure that aligns with the latest authoritative guidance, ensuring both code and database migration rollbacks are included."
2026-08-25 02:02:37,v2_local,qwen2.5:3b,specialist,qwen2.5vl:3b,G7,G - Complex Multi-Step,file_agent,False,0.184,False,,47.38,0,0.0,0.00030945,1454,0.0,2,list_files|read_file|read_file|write_file|list_files|read_file|read_file,qwen2.5:7b,False,DeepEval GEval (0.184),"The response incorrectly concludes that the datasets describe related problems, despite clear evidence in the input that they are independent. The analysis of the metrics CSV indicates issues with the 'api' service, while the ETL log shows successful job completions without errors. The failure signatures are unrelated, and the timestamps do not overlap, which contradicts the conclusion drawn in the Actual Output. The responsible engineer's investigation should focus on the independent issues, bu"
2026-08-25 02:02:37,v2_local,qwen2.5:3b,specialist,qwen2.5vl:3b,G8,G - Complex Multi-Step,code_agent,False,,False,,24.39,0,0.0,0.0,0,0.0,2,,qwen2.5-coder:7b,False,automated (exec failed: ),
2026-08-25 02:02:37,v2_local,qwen2.5:3b,specialist,qwen2.5vl:3b,H1,H - Chained Multi-Agent,file_agent,True,0.624,False,,36.38,0,0.0,0.0003162,1376,0.0,3,list_files|read_file,qwen2.5-coder:7b|qwen2.5:7b,,DeepEval GEval (0.624),"The Actual Output correctly identifies the use of `region_data.get(quarter, 0)` to handle missing quarters, which addresses the KeyError issue. However, it fails to explicitly mention the missing 'q4' entry in the 'west' region as the source of the error, which is a key aspect of the evaluation steps. Additionally, while it provides a corrected script, it does not suggest adding the missing 'q4' value, which would have been a more comprehensive solution. The error-handling advice is somewhat gen"
2026-08-25 02:02:37,v2_local,qwen2.5:3b,specialist,qwen2.5vl:3b,H2,H - Chained Multi-Agent,file_agent,False,0.449,False,,19.04,0,0.0,0.0002475,1053,0.0,3,list_files|read_file,qwen2.5-coder:7b|qwen2.5:7b,,DeepEval GEval (0.449),"The response correctly identifies and lists the error events, but it fails to accurately report the counts for the 08:00 hour. The Actual Output states 3 errors, while the Expected Output suggests there should be 4 or 5 errors. This discrepancy indicates a misunderstanding of the log entries and their grouping, leading to an incomplete assessment of the error events."
2026-08-25 02:02:37,v2_local,qwen2.5:3b,specialist,qwen2.5vl:3b,H3,H - Chained Multi-Agent,document_agent,False,0.0,False,,6.35,0,0.0,0.0002172,890,0.0,2,read_file,qwen2.5-coder:7b|qwen2.5:3b,,DeepEval GEval (0.0),"The Actual Output fails to extract any monetary figures from the report, which directly contradicts the Expected Output that specifies a total spend of GBP 142,000 and projected savings of GBP 8,500. Consequently, the percentage calculation cannot be performed, leading to a complete lack of alignment with the evaluation steps."
2026-08-25 02:02:37,v2_local,qwen2.5:3b,specialist,qwen2.5vl:3b,H4,H - Chained Multi-Agent,file_agent,False,0.429,False,,52.02,0,0.0,0.0003363,1552,0.0,2,list_files|read_file|read_file|read_file,qwen2.5:7b,,DeepEval GEval (0.429),"The actual output identifies several issues related to timeouts and connection pool exhaustion but fails to specifically mention the scheduled REINDEX operation and its impact on the inventory table, which is crucial for a complete root cause analysis. While the remediation plan includes valuable steps, it does not directly address the exclusive lock caused by the REINDEX operation, leading to a lack of alignment with the expected output."
2026-08-25 02:35:12,v2_local,qwen2.5:3b,specialist,qwen2.5vl:3b,A1,A - File/Log Analysis,file_agent,True,0.527,False,,20.29,0,0.0,0.00021285,840,0.0,2,read_file|read_file|write_file,qwen2.5:7b,False,DeepEval GEval (0.527),"The Actual Output identifies issues related to unreliable external services, which aligns with the general theme of the Expected Output. However, it lacks specific details about the ERROR-level log lines, such as the cache service connection failure and the NullPointerException, which are crucial for a complete assessment. The summary does not match the Expected Output in terms of content and clarity, as it does not provide the necessary specifics or timestamps."
2026-08-25 02:35:12,v2_local,qwen2.5:3b,specialist,qwen2.5vl:3b,A2,A - File/Log Analysis,file_agent,True,0.88,False,,8.66,0,0.0,0.00019635,838,0.0,2,read_file|read_file,qwen2.5:7b,False,DeepEval GEval (0.88),"The Actual Output clearly identifies the OutOfMemoryError as the crash point and connects it to the issue of leaked database connections. It also discusses rising heap usage as a contributing factor, aligning well with the evaluation criteria. However, it could have explicitly stated the percentage increase in heap usage to match the Expected Output more closely."
2026-08-25 02:35:12,v2_local,qwen2.5:3b,specialist,qwen2.5vl:3b,A3,A - File/Log Analysis,file_agent,False,0.258,False,,25.11,0,0.0,0.0002805,1183,0.0,2,list_files|read_file|list_files|read_file,qwen2.5:7b,False,DeepEval GEval (0.258),"The Actual Output identifies some anomalies, but it fails to include the specific anomalous rows required: 09:15 (cpu_pct 88) and 09:25 (response_ms 940). It only mentions Row 5 (disk_io_mbps 95) and Row 7 (response_ms 940), which is partially correct. Additionally, Row 4 is flagged incorrectly as abnormal, which does not align with the expected output. Overall, the response does not meet the evaluation criteria adequately."
2026-08-25 02:35:12,v2_local,qwen2.5:3b,specialist,qwen2.5vl:3b,A4,A - File/Log Analysis,file_agent,False,0.451,False,,15.42,0,0.0,0.00024795,1029,0.0,2,list_files|read_file|list_files|read_file,qwen2.5:7b,False,DeepEval GEval (0.451),"The Actual Output includes relevant events but misses key details such as the NullPointerException in OrderService and the scheduled backup completion. While it summarizes the cache service failure and payment timeout, the lack of specific bullet points for the missing events affects the overall understanding of the log. Additionally, the bullet points do not align closely with the expected phrasing, which impacts clarity."
2026-08-25 02:35:12,v2_local,qwen2.5:3b,specialist,qwen2.5vl:3b,A5,A - File/Log Analysis,file_agent,False,0.48,False,,70.76,0,0.0,0.0002706,1198,0.0,2,list_files|read_file|write_file|write_file|write_file|write_file|write_file|list_files|read_file|read_file,qwen2.5:7b,False,DeepEval GEval (0.48),"The Actual Output is in valid JSON format and contains the required 'timestamp' and 'message' fields. However, it fails to include all specified error events from the Expected Output, notably the 'Failed to connect to cache service: Connection refused' and 'Payment processing failed for order_id=9921: Timeout after 30s' messages. While it does include some relevant errors, the overall structure and content do not fully match the Expected Output."
2026-08-25 02:35:12,v2_local,qwen2.5:3b,specialist,qwen2.5vl:3b,A6,A - File/Log Analysis,file_agent,False,0.459,False,,37.92,0,0.0,0.00035655,1639,0.0,2,list_files|read_file|list_files|read_file,qwen2.5:7b,False,DeepEval GEval (0.459),"The response identifies the CPU spike at 02:30 as a potential anomaly, which contradicts the evaluation step that requires it to be dismissed as benign due to the backup window. While it correctly notes some benign spikes, it fails to identify the sustained correlated drift in memory, error rate, and latency from 03:15 onward, which is crucial for recognizing a potential memory leak. Overall, it does not align well with the expected output's focus on the memory leak issue."
2026-08-25 02:35:12,v2_local,qwen2.5:3b,specialist,qwen2.5vl:3b,A7,A - File/Log Analysis,file_agent,True,0.569,False,,23.42,0,0.0,0.00027975,1250,0.0,2,list_files|read_file|read_file,qwen2.5:7b,False,DeepEval GEval (0.569),"The response correctly identifies a potential silent failure indicated by the unchanged customer count despite successful ETL job reports. However, it lacks a clear comparison of actual versus expected customer counts, which is crucial for a thorough evaluation. While it acknowledges the dashboard warning, it does not explicitly state the discrepancies in record counts, which weakens the assessment of the issue. Overall, it demonstrates understanding but falls short in fully aligning with the ev"
2026-08-25 02:35:12,v2_local,qwen2.5:3b,specialist,qwen2.5vl:3b,B1,B - Code Generation,code_agent,True,,False,,5.48,0,0.0,0.0,0,0.0,1,,qwen2.5-coder:7b,True,automated (exec + function defined),
2026-08-25 02:35:12,v2_local,qwen2.5:3b,specialist,qwen2.5vl:3b,B2,B - Code Generation,code_agent,True,,False,,1.86,0,0.0,0.0,0,0.0,1,,qwen2.5-coder:7b,True,"automated (exec ok, no function defined)",
2026-08-25 02:35:12,v2_local,qwen2.5:3b,specialist,qwen2.5vl:3b,B3,B - Code Generation,code_agent,True,,False,,12.9,0,0.0,0.0,0,0.0,2,,qwen2.5-coder:7b,False,automated (exec + function defined),
2026-08-25 02:35:12,v2_local,qwen2.5:3b,specialist,qwen2.5vl:3b,B4,B - Code Generation,code_agent,True,,False,,2.62,0,0.0,0.0,0,0.0,1,,qwen2.5-coder:7b,True,"automated (exec ok, no function defined)",
2026-08-25 02:35:12,v2_local,qwen2.5:3b,specialist,qwen2.5vl:3b,B5,B - Code Generation,code_agent,True,0.781,False,,1.78,0,0.0,0.0001869,793,0.0,1,,qwen2.5-coder:7b,True,DeepEval GEval (0.781),"The SQL query correctly joins the orders and customers tables on customer_id, filters records for the year 2026, groups results by country, and orders by total amount in descending order. However, it uses a YEAR function for filtering instead of the more precise date range specified in the expected output, which could lead to potential issues with date handling."
2026-08-25 02:35:12,v2_local,qwen2.5:3b,specialist,qwen2.5vl:3b,C1,C - Planning,planning_agent,True,0.71,False,,17.14,0,0.0,0.0003138,1462,0.0,1,,qwen2.5:7b,True,DeepEval GEval (0.71),"The actual output effectively breaks down the goal into detailed subtasks, covering reading CSV files, cleaning data, and generating a report. However, it includes additional steps like defining requirements and setting up the environment, which, while useful, diverge from the expected output's focus on core tasks. The output also lacks a direct mention of validating data and performing analysis, which are implied but not explicitly stated, leading to a slight misalignment with the expected outp"
2026-08-25 02:35:12,v2_local,qwen2.5:3b,specialist,qwen2.5vl:3b,C2,C - Planning,planning_agent,True,0.82,False,,36.88,0,0.0,0.00033885,1572,0.0,2,,qwen2.5:7b,False,DeepEval GEval (0.82),"The response provides a comprehensive task breakdown that covers all four areas: backend, frontend, database, and testing. It logically follows the order of operations, starting with environment setup, then backend development, followed by frontend development, database schema updates, and finally testing. However, while the output is detailed, it includes a deployment step that is not present in the expected output, indicating a slight misalignment with the expected task list. Additionally, the"
2026-08-25 02:35:12,v2_local,qwen2.5:3b,specialist,qwen2.5vl:3b,C3,C - Planning,planning_agent,True,0.744,False,,45.81,0,0.0,0.000369,1860,0.0,2,,qwen2.5:7b,False,DeepEval GEval (0.744),"The response provides a comprehensive and systematic investigation plan that closely aligns with the expected output. It begins with gathering initial information and progresses through detailed steps for checking logs, resource usage, and configuration files. However, it lacks a more explicit correlation of failures by specific criteria such as endpoint and request payload, which is emphasized in the expected output. Overall, the structured approach is strong, but the response could improve by "
2026-08-25 02:35:12,v2_local,qwen2.5:3b,specialist,qwen2.5vl:3b,C4,C - Planning,planning_agent,False,0.484,False,,23.69,0,0.0,0.00028395,1275,0.0,2,,qwen2.5:7b,False,DeepEval GEval (0.484),"The response correctly assigns tasks to the Vision Agent, File Agent, and Code Agent in the first three steps, which aligns with the expected order. However, it introduces a Document Agent for review, which is not part of the original delegation order, and the Code Agent is incorrectly assigned to both writing the patch and deploying it, violating the expected sequence. This misplacement and the addition of an unlisted agent negatively impact the score."
2026-08-25 02:35:12,v2_local,qwen2.5:3b,specialist,qwen2.5vl:3b,C5,C - Planning,planning_agent,True,0.725,False,,35.06,0,0.0,0.00032625,1530,0.0,2,,qwen2.5:7b,False,DeepEval GEval (0.725),"The Actual Output includes most essential components such as API Gateway, Authentication Service, and Database Layer, which align with the Expected Output. However, it lacks a clear mention of the Auth middleware and the specific responsibilities of the business logic layer, which are critical for user authentication and data access. The responsibilities outlined are generally clear and concise, but the absence of certain key components lowers the overall score."
2026-08-25 02:35:12,v2_local,qwen2.5:3b,specialist,qwen2.5vl:3b,D1,D - Document Processing,document_agent,True,0.885,False,,6.82,0,0.0,0.0002034,801,0.0,2,read_file|read_file,qwen2.5:3b,False,DeepEval GEval (0.885),"The actual output effectively summarizes the key points of edge computing, mentioning local processing and its benefits related to privacy and latency. It also identifies the challenge of limited computational resources, aligning closely with the expected output. The only minor discrepancy is the phrasing; while the expected output uses 'local' to describe processing, the actual output uses 'closer to its origin,' which is slightly less direct but still conveys the same concept."
2026-08-25 02:35:12,v2_local,qwen2.5:3b,specialist,qwen2.5vl:3b,D2,D - Document Processing,document_agent,True,0.817,False,,15.2,0,0.0,0.0002568,1121,0.0,2,read_file|write_file|read_file|write_file,qwen2.5:3b,False,DeepEval GEval (0.817),"The Actual Output includes all four required sections and provides accurate one-line summaries for each, reflecting key points such as growth in requests, incidents, cost savings, and Q3 priorities. However, it lacks specific details on spend growth and the availability target, which are present in the Expected Output, slightly affecting its completeness and alignment with the evaluation criteria."
2026-08-25 02:35:12,v2_local,qwen2.5:3b,specialist,qwen2.5vl:3b,D3,D - Document Processing,document_agent,False,0.342,False,,14.35,0,0.0,0.0002244,938,0.0,2,read_file|read_file|write_file|read_file|write_file|write_file,qwen2.5:3b,False,DeepEval GEval (0.342),"The response includes 'NorthBridge Software Ltd' but fails to mention 'Sarah Okafor' and does not list all specified dates, missing 'August 2026' and including irrelevant dates like 'Q2 2026'. Additionally, it only includes one monetary figure (£142,000) instead of both required figures (£142,000 and £8,500)."
2026-08-25 02:35:12,v2_local,qwen2.5:3b,specialist,qwen2.5vl:3b,D4,D - Document Processing,document_agent,True,1.0,False,,1.76,0,0.0,0.000204,835,0.0,1,read_file,qwen2.5:3b,True,DeepEval GEval (1.0),"The response fully aligns with the evaluation steps. The Input correctly states the criteria for remote work, the Actual Output meets the requirement for reporting lost equipment within 24 hours to IT Security, and the Expected Output adheres to the specified core hours of 10:00 to 16:00 local time. All components are consistent and accurate."
2026-08-25 02:35:12,v2_local,qwen2.5:3b,specialist,qwen2.5vl:3b,D5,D - Document Processing,document_agent,True,0.984,False,,4.9,0,0.0,0.00018705,779,0.0,2,read_file|read_file,qwen2.5:3b,False,DeepEval GEval (0.984),"The Actual Output correctly classifies the document as an HR policy and provides a strong justification that directly references key themes from the Input, such as eligibility criteria, equipment provisions, and availability requirements, which align perfectly with the Expected Output."
2026-08-25 02:35:12,v2_local,qwen2.5:3b,specialist,qwen2.5vl:3b,E1,E - Multimodal,multimodal_agent,True,0.521,False,,9.19,0,0.0,0.00027525,1202,0.0,1,,qwen2.5vl:3b,,DeepEval GEval (0.521),"The response identifies the error related to the command 'la' not being recognized, which aligns with the first evaluation step. However, while it provides several troubleshooting suggestions, many of them are generic and do not directly address the specific issue of 'la' being a Unix alias not available in PowerShell. The suggested fix does not clearly match the expected output, which specifically recommends using 'ls' or 'Get-ChildItem -Force', or defining an alias. Therefore, while the respon"
2026-08-25 02:35:12,v2_local,qwen2.5:3b,specialist,qwen2.5vl:3b,E2,E - Multimodal,multimodal_agent,True,0.702,False,,3.45,0,0.0,0.000225,948,0.0,1,,qwen2.5vl:3b,,DeepEval GEval (0.702),"The response correctly identifies the tallest bar as Rich spending on Food, which aligns with the evaluation steps. However, it incorrectly states that the Rich class spends the most on housing, which contradicts the requirement that the Poor class should have the highest housing expenditure. The description of spending patterns is accurate and adds value, but the critical error regarding housing spending affects the overall score."
2026-08-25 02:35:12,v2_local,qwen2.5:3b,specialist,qwen2.5vl:3b,E3,E - Multimodal,multimodal_agent,True,0.704,False,,7.91,0,0.0,0.0003279,1607,0.0,1,,qwen2.5vl:3b,,DeepEval GEval (0.704),"The output correctly identifies that the diagram compares v1 and v2 builds and names the three-layer structure: Cloud CEO, agent swarm, and evaluation layer. However, it lacks a clear mention of agent-to-agent links, which is a key difference in v2. While it provides a detailed comparison of the components and differences, it could improve by explicitly stating the interconnectedness of agents in v2, which is essential for a balanced comparison."
2026-08-25 02:35:12,v2_local,qwen2.5:3b,specialist,qwen2.5vl:3b,E4,E - Multimodal,multimodal_agent,True,1.0,False,,3.28,0,0.0,0.0002415,1082,0.0,1,,qwen2.5vl:3b,,DeepEval GEval (1.0),"The CSV output matches the expected format perfectly, with exactly seven columns and ten student entries. All cell values correspond accurately to those in the expected output, with no discrepancies noted. The overall format is clean, with no extraneous comments or characters present."
2026-08-25 02:35:12,v2_local,qwen2.5:3b,specialist,qwen2.5vl:3b,E5,E - Multimodal,multimodal_agent,True,0.631,False,,6.2,0,0.0,0.0002916,1359,0.0,1,,qwen2.5vl:3b,,DeepEval GEval (0.631),"The response correctly identifies the exception type as KeyError and specifies that it occurs at line 15 in the quarter_total function. However, it fails to trace the error back to the SALES_DATA dictionary, missing the specific detail that the 'west' region lacks a q4 entry. While it provides a general fix for checking key existence, it does not address the specific missing data issue as outlined in the expected output."
2026-08-25 02:35:12,v2_local,qwen2.5:3b,specialist,qwen2.5vl:3b,F1,F - Ambiguous,file_agent,True,0.95,False,,25.73,0,0.0,0.00024,1129,0.0,2,read_file|read_file,qwen2.5:7b,False,DeepEval GEval (0.95),"The output provides a clear interpretation of the term 'failed' by identifying specific issues related to the cache service and payment processing, directly addressing the failure mentioned in the input. It also outlines actionable next steps for investigation and resolution. However, it does not explicitly state any assumptions made during the interpretation process, which slightly detracts from its completeness."
2026-08-25 02:35:12,v2_local,qwen2.5:3b,specialist,qwen2.5vl:3b,F2,F - Ambiguous,code_agent,True,0.941,False,,5.15,0,0.0,0.0001938,800,0.0,1,,qwen2.5-coder:7b,True,DeepEval GEval (0.941),"The Actual Output effectively simplifies the function using a list comprehension, which enhances readability and follows idiomatic Python practices. The behavior of the code remains identical to the Input, as it still filters out None and non-positive values while doubling the positive ones. However, the response lacks comments or documentation explaining the changes made during the cleanup, which is a minor shortcoming."
2026-08-25 02:35:12,v2_local,qwen2.5:3b,specialist,qwen2.5vl:3b,F3,F - Ambiguous,planning_agent,True,0.862,False,,31.15,0,0.0,0.0002703,1289,0.0,2,,qwen2.5:7b,False,DeepEval GEval (0.862),"The response provides a detailed and structured framework for moving the stalled project forward, addressing key aspects such as defining scope, identifying milestones, and prioritizing tasks. It effectively outlines actionable steps and their dependencies, which aligns well with the evaluation criteria. However, it lacks clarifying questions to address any assumptions about the project's specifics, which could enhance the response further."
2026-08-25 02:35:12,v2_local,qwen2.5:3b,specialist,qwen2.5vl:3b,F4,F - Ambiguous,document_agent,True,0.801,False,,21.11,0,0.0,0.00023145,1027,0.0,2,read_file|read_file,qwen2.5:3b,False,DeepEval GEval (0.801),"The response effectively identifies specific issues in the report, such as the slight shortfall in reliability and the significant incidents related to database operations. It goes beyond mere summarization by providing a clear interpretation of these issues and suggesting areas for further investigation. However, while it highlights cost optimization opportunities, it could benefit from a deeper analysis of potential risks associated with the proposed automation, which would enhance the overall"
2026-08-25 02:35:12,v2_local,qwen2.5:3b,specialist,qwen2.5vl:3b,F5,F - Ambiguous,document_agent,True,0.873,False,,18.32,0,0.0,0.0002259,921,0.0,2,read_file|read_file,qwen2.5:3b,False,DeepEval GEval (0.873),"The response effectively identifies and summarizes key themes from the document, such as eligibility limits, security obligations, and core hours. It prioritizes relevant information over less important details, providing a clear rationale for the selection of important points. The output avoids reproducing the entire document and focuses on concise, relevant content, although it could have included a brief mention of the 24-hour reporting rule for lost or stolen equipment to fully align with al"
2026-08-25 02:35:12,v2_local,qwen2.5:3b,specialist,qwen2.5vl:3b,G1,G - Complex Multi-Step,file_agent,True,0.827,False,,40.47,0,0.0,0.00030795,1441,0.0,2,list_files|read_file|read_file|read_file|list_files|read_file|read_file|read_file,qwen2.5:7b,True,DeepEval GEval (0.827),"The response effectively identifies the REINDEX operation as the root cause and traces the cascading failures through the order-service and API gateway. It provides a clear sequence of events and their impact on service performance. However, while it captures the essence of the expected output, it lacks some specific timing details and the exact connection pool size mentioned in the expected output, which slightly diminishes its alignment with the evaluation steps."
2026-08-25 02:35:12,v2_local,qwen2.5:3b,specialist,qwen2.5vl:3b,G2,G - Complex Multi-Step,planning_agent,True,0.563,False,,20.03,0,0.0,0.0002874,1319,0.0,2,,qwen2.5:7b,False,DeepEval GEval (0.563),"The Actual Output covers the required areas of backend, frontend, database, and testing, but it lacks completeness in the dependency articulation. While it provides a detailed list of tasks, some dependencies are not clearly aligned with the Expected Output, particularly in the order and structure of tasks. For instance, the Expected Output emphasizes the creation of a users table first, which is not explicitly stated in the Actual Output. Additionally, the dependency lines are present but could"
2026-08-25 02:35:12,v2_local,qwen2.5:3b,specialist,qwen2.5vl:3b,G3,G - Complex Multi-Step,code_agent,True,,False,,7.07,0,0.0,0.0,0,0.0,1,,qwen2.5-coder:7b,True,automated (exec + function defined),
2026-08-25 02:35:12,v2_local,qwen2.5:3b,specialist,qwen2.5vl:3b,G4,G - Complex Multi-Step,file_agent,False,0.41,False,,22.57,0,0.0,0.00027945,1251,0.0,2,list_files|read_file|list_files|read_file,qwen2.5:7b,False,DeepEval GEval (0.41),"The Actual Output identifies the `publish` and `aggregate` stages as potential culprits but fails to correctly pinpoint the enrich stage as the source of the NULLs, which is a critical oversight. While it explains how the 'OK' status obscured the issue, it does not propose a fix that addresses the join failure directly, instead suggesting modifications to the aggregation and publish stages. This misalignment with the evaluation steps results in a lower score."
2026-08-25 02:35:12,v2_local,qwen2.5:3b,specialist,qwen2.5vl:3b,G5,G - Complex Multi-Step,file_agent,True,0.88,False,,31.4,0,0.0,0.0003177,1422,0.0,2,list_files|read_file|read_file|read_file|list_files|read_file|read_file|read_file,qwen2.5:7b,False,DeepEval GEval (0.88),"The response effectively identifies the relationship between the 502 spike and the log entries, linking the database pool exhaustion and query timeouts to the service's inability to process orders. It provides a clear analysis of the configuration settings and their impact, particularly highlighting the pool size and timeout values. The recommendation to increase the pool size is justified with a solid rationale based on the evidence presented. However, it could have further emphasized the inter"
2026-08-25 02:35:12,v2_local,qwen2.5:3b,specialist,qwen2.5vl:3b,G6,G - Complex Multi-Step,document_agent,True,0.898,False,,21.78,0,0.0,0.0003849,1621,0.0,2,read_file|read_file,qwen2.5:3b,False,DeepEval GEval (0.898),"The response effectively identifies the January 2025 runbook as outdated and correctly acknowledges the June 2026 post-mortem as the authoritative source, which mandates a rollback and DBA approval for releases 4.2 and later. It explicitly states that Alice's plan is UNSAFE due to her reliance on the outdated runbook and the rollback from a 4.2-or-later release to 4.1. Additionally, the corrected procedure aligns with the directives from the June 2026 post-mortem, providing a clear resolution to"
2026-08-25 02:35:12,v2_local,qwen2.5:3b,specialist,qwen2.5vl:3b,G7,G - Complex Multi-Step,file_agent,False,0.216,False,,47.38,0,0.0,0.00029805,1429,0.0,2,list_files|read_file|read_file|write_file|list_files|read_file|read_file,qwen2.5:7b,False,DeepEval GEval (0.216),"The response incorrectly concludes that the datasets describe related problems despite clear evidence of their independence. The analysis of the 'api' service metrics shows a significant degradation in performance, while the ETL log indicates successful job executions with no errors. The failure signatures are distinct, and the timestamps do not overlap, which contradicts the claim of related issues. The responsible engineer's investigation should focus on the independent problems rather than tr"
2026-08-25 02:35:12,v2_local,qwen2.5:3b,specialist,qwen2.5vl:3b,G8,G - Complex Multi-Step,code_agent,False,,False,,24.42,0,0.0,0.0,0,0.0,2,,qwen2.5-coder:7b,False,automated (exec failed: ),
2026-08-25 02:35:12,v2_local,qwen2.5:3b,specialist,qwen2.5vl:3b,H1,H - Chained Multi-Agent,file_agent,True,0.583,False,,37.5,0,0.0,0.0003021,1348,0.0,3,list_files|read_file,qwen2.5:7b|qwen2.5-coder:7b,,DeepEval GEval (0.583),"The Actual Output correctly identifies that the missing 'q4' entry in the 'west' region is the source of the KeyError, and it provides a corrected script that uses the `get` method to handle missing data. However, it lacks a clear explanation of the relationship between the Input, the identified bug, and the provided correction, as it does not explicitly mention the need to add the missing 'q4' value or the implications of the bug in the context of the overall script functionality."
2026-08-25 02:35:12,v2_local,qwen2.5:3b,specialist,qwen2.5vl:3b,H2,H - Chained Multi-Agent,file_agent,False,0.413,False,,19.88,0,0.0,0.0002544,1054,0.0,2,list_files|read_file,qwen2.5:7b|qwen2.5-coder:7b,,DeepEval GEval (0.413),"The response identifies three error events, but it misses one error from the expected output, which indicates there should be 4 or 5 errors in total for the 08:00 hour. The actual output correctly counts the errors per hour but does not align with the expected count, indicating a failure to capture all relevant log entries. Additionally, while the output is derived from code execution, the discrepancy in counts suggests incomplete data extraction."
2026-08-25 02:35:12,v2_local,qwen2.5:3b,specialist,qwen2.5vl:3b,H3,H - Chained Multi-Agent,document_agent,False,0.0,False,,7.74,0,0.0,0.00021765,887,0.0,2,read_file,qwen2.5-coder:7b|qwen2.5:3b,,DeepEval GEval (0.0),"The Actual Output incorrectly states that no monetary figures were found, which contradicts the Expected Output that specifies a total spend of GBP 142,000 and projected savings of GBP 8,500. This failure to extract and report the figures results in a complete lack of alignment with the evaluation steps, leading to a score of zero."
2026-08-25 02:35:12,v2_local,qwen2.5:3b,specialist,qwen2.5vl:3b,H4,H - Chained Multi-Agent,file_agent,False,0.406,False,,52.53,0,0.0,0.00033435,1539,0.0,2,list_files|read_file|read_file|read_file,qwen2.5:7b,,DeepEval GEval (0.406),"The actual output identifies several issues related to timeouts and connection pool exhaustion but fails to specifically mention the scheduled REINDEX operation and its impact on the inventory table, which is crucial for a complete root cause analysis. While the remediation plan includes valuable steps, it does not directly address the exclusive lock caused by the REINDEX operation, leading to a lack of alignment with the expected output."
